Zanieczyszczenie,Warszawa PM10 [ug/m3],Krak√≥w PM10 [ug/m3]
2010-01-01,"24.3","90.8"
2010-01-02,"31.2","55.9"
2010-01-03,"31.4","46.3"
2010-01-04,"85.0","149.4"
2010-01-05,"94.5","137.0"
2010-01-06,"56.0","124.9"
2010-01-07,"98.0","191.3"
2010-01-08,"103.4","97.0"
2010-01-09,"40.5","44.5"
2010-01-10,"22.6","34.7"
2010-01-11,"35.9","103.0"
2010-01-12,"51.5","72.7"
2010-01-13,"42.6","65.7"
2010-01-14,"69.4","74.1"
2010-01-15,"54.9","81.3"
2010-01-16,"51.1","70.4"
2010-01-17,"25.1","96.6"
2010-01-18,"53.5","115.0"
2010-01-19,"42.6","100.6"
2010-01-20,"27.3","47.2"
2010-01-21,"27.3","45.8"
2010-01-22,"43.6","54.5"
2010-01-23,"59.4","86.4"
2010-01-24,"77.5","107.2"
2010-01-25,"127.9","186.8"
2010-01-26,"162.5","245.7"
2010-01-27,"138.0","336.7"
2010-01-28,"60.8","90.3"
2010-01-29,"54.4","49.2"
2010-01-30,"60.6","45.7"
2010-01-31,"52.7","69.3"
2010-02-01,"118.7","110.1"
2010-02-02,"86.7","80.7"
2010-02-03,"65.4","51.2"
2010-02-04,"87.6","152.3"
2010-02-05,"69.6","110.4"
2010-02-06,"43.4","52.9"
2010-02-07,"42.0","37.4"
2010-02-08,"62.8","73.8"
2010-02-09,"96.8","145.8"
2010-02-10,"79.3","127.9"
2010-02-11,"41.9","86.8"
2010-02-12,"52.7","162.4"
2010-02-13,"56.6","146.8"
2010-02-14,"58.8","68.0"
2010-02-15,"62.1","84.3"
2010-02-16,"110.0","147.0"
2010-02-17,"79.6","144.7"
2010-02-18,"99.2","185.3"
2010-02-19,"104.0","109.5"
2010-02-20,"76.6","77.2"
2010-02-21,"69.9","75.0"
2010-02-22,"57.1","84.4"
2010-02-23,"65.7","69.9"
2010-02-24,"44.4","215.4"
2010-02-25,"105.0","198.1"
2010-02-26,"75.9","162.0"
2010-02-27,"61.4","107.2"
2010-02-28,"50.7","77.2"
2010-03-01,"34.1","15.5"
2010-03-02,"41.3","50.2"
2010-03-03,"42.2","57.9"
2010-03-04,"89.2","111.4"
2010-03-05,"95.6","53.1"
2010-03-06,"48.4","38.1"
2010-03-07,"62.2","60.0"
2010-03-08,"68.2","110.8"
2010-03-09,"115.0","100.8"
2010-03-10,"85.7","162.0"
2010-03-11,"66.3","92.3"
2010-03-12,"114.8","107.4"
2010-03-13,"49.2","44.5"
2010-03-14,"34.4","22.9"
2010-03-15,"46.6","21.9"
2010-03-16,"47.0","42.2"
2010-03-17,"53.6","53.0"
2010-03-18,"84.2","95.8"
2010-03-19,"108.8","123.0"
2010-03-20,"83.0","85.4"
2010-03-21,"43.3","54.2"
2010-03-22,"49.6","65.0"
2010-03-23,"80.4","129.2"
2010-03-24,"74.5","126.3"
2010-03-25,"73.8","129.9"
2010-03-26,"101.0","73.4"
2010-03-27,"39.4","38.5"
2010-03-28,"57.3","78.3"
2010-03-29,"75.7","54.5"
2010-03-30,"60.7","35.5"
2010-03-31,"61.3","62.9"
2010-04-01,"59.1","63.6"
2010-04-02,"58.3","82.8"
2010-04-03,"40.4","54.5"
2010-04-04,"37.4","58.9"
2010-04-05,"41.9","38.8"
2010-04-06,"40.7","26.0"
2010-04-07,"46.7","47.0"
2010-04-08,"57.0","96.3"
2010-04-09,"100.1","90.2"
2010-04-10,"42.5","25.6"
2010-04-11,"39.9","32.4"
2010-04-12,"58.7","69.8"
2010-04-13,"94.6","59.7"
2010-04-14,"51.3","44.2"
2010-04-15,"64.8","26.9"
2010-04-16,"85.1","38.3"
2010-04-17,"49.0","49.3"
2010-04-18,"50.9","59.9"
2010-04-19,"92.1","45.5"
2010-04-20,"53.5","88.9"
2010-04-21,"59.1","84.2"
2010-04-22,"32.4","42.8"
2010-04-23,"73.9","89.3"
2010-04-24,"83.6","74.2"
2010-04-25,"28.0","74.9"
2010-04-26,"46.8","114.9"
2010-04-27,"43.4","34.4"
2010-04-28,"60.4","44.1"
2010-04-29,"86.4","74.5"
2010-04-30,"71.9","68.2"
2010-05-01,"50.1","51.5"
2010-05-02,"36.6","38.5"
2010-05-03,"37.1","28.0"
2010-05-04,"30.6","30.7"
2010-05-05,"34.6","24.8"
2010-05-06,"22.4","38.7"
2010-05-07,"48.9","44.1"
2010-05-08,"49.0","43.0"
2010-05-09,"58.6","36.8"
2010-05-10,"52.6","45.0"
2010-05-11,"67.0","49.0"
2010-05-12,"41.4","27.9"
2010-05-13,"58.2","24.3"
2010-05-14,"52.0","18.7"
2010-05-15,"38.0","29.2"
2010-05-16,"29.5","5.3"
2010-05-17,"31.3","6.9"
2010-05-18,"43.9","7.4"
2010-05-19,"49.5","28.8"
2010-05-20,"56.5","52.8"
2010-05-21,"61.2","38.5"
2010-05-22,"57.6","48.2"
2010-05-23,"44.8","34.5"
2010-05-24,"37.9","25.0"
2010-05-25,"31.8","27.0"
2010-05-26,"47.3","49.8"
2010-05-27,"59.8","45.5"
2010-05-28,"63.8","32.8"
2010-05-29,"54.1","46.6"
2010-05-30,"41.1","35.6"
2010-05-31,"46.4","17.0"
2010-06-01,"58.4","20.4"
2010-06-02,"41.1","13.7"
2010-06-03,"36.5","31.9"
2010-06-04,"38.6","24.7"
2010-06-05,"32.3","26.2"
2010-06-06,"37.8","25.5"
2010-06-07,"66.6","32.2"
2010-06-08,"40.4","38.1"
2010-06-09,"61.2","45.1"
2010-06-10,"72.8","52.7"
2010-06-11,"80.8","59.4"
2010-06-12,,"43.3"
2010-06-13,,"18.5"
2010-06-14,"31.4","29.2"
2010-06-15,"51.2","28.8"
2010-06-16,"26.8","24.5"
2010-06-17,"27.0","36.4"
2010-06-18,"34.1","53.7"
2010-06-19,"29.8","32.2"
2010-06-20,"32.0","25.6"
2010-06-21,"44.8","27.5"
2010-06-22,"40.2","14.3"
2010-06-23,"42.8","12.8"
2010-06-24,"26.9","10.9"
2010-06-25,"48.0","15.6"
2010-06-26,"34.9","26.2"
2010-06-27,"19.5","14.8"
2010-06-28,"26.0","26.1"
2010-06-29,"37.3","32.3"
2010-06-30,"73.1","36.1"
2010-07-01,"53.1",
2010-07-02,"57.2",
2010-07-03,"22.4",
2010-07-04,"27.6",
2010-07-05,"42.6","29.9"
2010-07-06,"70.1","34.2"
2010-07-07,"34.7","16.6"
2010-07-08,"38.3","21.3"
2010-07-09,"61.7","30.0"
2010-07-10,"49.4","38.9"
2010-07-11,"31.0","32.4"
2010-07-12,"32.9","46.3"
2010-07-13,"35.1","48.8"
2010-07-14,"40.2","36.7"
2010-07-15,"43.6","48.0"
2010-07-16,"56.7","46.8"
2010-07-17,"39.1","45.2"
2010-07-18,"33.2","19.1"
2010-07-19,"48.8","21.1"
2010-07-20,"33.4","39.1"
2010-07-21,"41.4","46.5"
2010-07-22,"51.3","48.5"
2010-07-23,"53.5","45.1"
2010-07-24,,"15.8"
2010-07-25,,"10.5"
2010-07-26,,"10.4"
2010-07-27,,"23.1"
2010-07-28,,"13.7"
2010-07-29,"36.3","20.6"
2010-07-30,"37.9","31.5"
2010-07-31,"42.0","37.1"
2010-08-01,"47.6","36.8"
2010-08-02,"52.2","51.9"
2010-08-03,"37.2","41.0"
2010-08-04,"34.6","25.6"
2010-08-05,"41.3","31.9"
2010-08-06,"23.9","34.2"
2010-08-07,"31.9","26.4"
2010-08-08,"28.2","13.7"
2010-08-09,"31.6","25.6"
2010-08-10,"48.1","32.8"
2010-08-11,"45.3","60.0"
2010-08-12,"34.7","61.5"
2010-08-13,"52.6","57.7"
2010-08-14,"40.9","41.2"
2010-08-15,"35.6","46.6"
2010-08-16,"27.1","30.7"
2010-08-17,"27.5","10.8"
2010-08-18,"23.0","16.4"
2010-08-19,"20.6","22.7"
2010-08-20,,"43.7"
2010-08-21,,"49.2"
2010-08-22,,"44.4"
2010-08-23,,"37.6"
2010-08-24,,"41.5"
2010-08-25,,"18.2"
2010-08-26,"38.2","29.8"
2010-08-27,"25.9","24.0"
2010-08-28,"14.5","9.0"
2010-08-29,"22.0","13.0"
2010-08-30,"21.8","18.5"
2010-08-31,"19.7","12.4"
2010-09-01,"18.0",
2010-09-02,"19.4",
2010-09-03,"45.1",
2010-09-04,"47.4",
2010-09-05,"28.6",
2010-09-06,"17.0",
2010-09-07,"23.8",
2010-09-08,"24.0",
2010-09-09,"26.5",
2010-09-10,"50.4",
2010-09-11,"38.3",
2010-09-12,"49.6",
2010-09-13,"62.7",
2010-09-14,"51.8",
2010-09-15,"29.1",
2010-09-16,"34.0",
2010-09-17,"42.2",
2010-09-18,"31.1",
2010-09-19,"25.9",
2010-09-20,"72.5",
2010-09-21,"43.0",
2010-09-22,"107.2",
2010-09-23,"69.7",
2010-09-24,"62.3",
2010-09-25,"66.1",
2010-09-26,"45.5",
2010-09-27,"34.3",
2010-09-28,"29.7",
2010-09-29,"18.6",
2010-09-30,"19.7",
2010-10-01,"29.8",
2010-10-02,"38.1",
2010-10-03,"25.6",
2010-10-04,"26.2",
2010-10-05,"32.1",
2010-10-06,"33.7",
2010-10-07,"41.1",
2010-10-08,"49.6",
2010-10-09,"60.2",
2010-10-10,"64.0",
2010-10-11,"62.8",
2010-10-12,"85.4",
2010-10-13,"74.2",
2010-10-14,"86.4",
2010-10-15,"52.1",
2010-10-16,"45.5",
2010-10-17,"22.6",
2010-10-18,"48.7","65.8"
2010-10-19,"93.0","81.2"
2010-10-20,"93.1","120.0"
2010-10-21,"26.9",
2010-10-22,"38.8",
2010-10-23,"61.7",
2010-10-24,"47.8",
2010-10-25,"43.3",
2010-10-26,"47.4",
2010-10-27,"62.6",
2010-10-28,"66.1",
2010-10-29,"90.2","179.5"
2010-10-30,"65.6","137.5"
2010-10-31,"47.3","58.4"
2010-11-01,"42.7","31.0"
2010-11-02,"112.7","90.8"
2010-11-03,"92.6",
2010-11-04,"26.0",
2010-11-05,"19.3",
2010-11-06,"25.0",
2010-11-07,"20.3",
2010-11-08,"44.7",
2010-11-09,"43.4",
2010-11-10,"58.0",
2010-11-11,"40.8",
2010-11-12,"24.1",
2010-11-13,"16.2",
2010-11-14,"32.6",
2010-11-15,"74.7",
2010-11-16,"22.0",
2010-11-17,"32.6",
2010-11-18,"59.9",
2010-11-19,"63.6",
2010-11-20,"38.6",
2010-11-21,"46.7",
2010-11-22,"27.3",
2010-11-23,"26.6",
2010-11-24,"30.2",
2010-11-25,"33.4",
2010-11-26,"94.1",
2010-11-27,"65.7",
2010-11-28,"51.6",
2010-11-29,"24.4",
2010-11-30,"27.0",
2010-12-01,"33.5",
2010-12-02,"49.0",
2010-12-03,"93.1",
2010-12-04,"104.5",
2010-12-05,"93.9",
2010-12-06,"77.8","99.5"
2010-12-07,"72.2","105.8"
2010-12-08,"65.9","164.3"
2010-12-09,"34.5","64.1"
2010-12-10,"22.4","20.2"
2010-12-11,"33.5","35.3"
2010-12-12,"37.9","18.6"
2010-12-13,"55.0","26.9"
2010-12-14,"57.6","61.2"
2010-12-15,"67.0","98.9"
2010-12-16,"92.2","220.7"
2010-12-17,"73.2","272.7"
2010-12-18,"102.4","259.3"
2010-12-19,"101.6","99.8"
2010-12-20,"51.4","49.5"
2010-12-21,"55.7","96.5"
2010-12-22,"93.5","202.7"
2010-12-23,"43.8","200.8"
2010-12-24,"49.6","164.7"
2010-12-25,"25.9","56.6"
2010-12-26,"13.0","31.0"
2010-12-27,"40.9","122.5"
2010-12-28,"76.2","184.1"
2010-12-29,"85.6","105.9"
2010-12-30,"31.6","90.1"
2010-12-31,"47.2","73.2"
2011-01-01,"24.8","32.2"
2011-01-02,"21.5","40.8"
2011-01-03,"32.6","56.8"
2011-01-04,"42.8","190.4"
2011-01-05,"88.7","245.4"
2011-01-06,"54.6","124.9"
2011-01-07,"58.3","105.1"
2011-01-08,"63.3","158.8"
2011-01-09,"51.3","133.9"
2011-01-10,"65.4","116.7"
2011-01-11,"38.4","98.5"
2011-01-12,"49.6","69.5"
2011-01-13,"57.8","61.6"
2011-01-14,"62.4","69.6"
2011-01-15,"27.2","24.7"
2011-01-16,"41.5","102.1"
2011-01-17,"59.8","123.6"
2011-01-18,"75.0","147.6"
2011-01-19,"38.7","121.4"
2011-01-20,"37.9","24.2"
2011-01-21,"34.9","24.5"
2011-01-22,"35.6","35.9"
2011-01-23,"28.3","36.5"
2011-01-24,"43.2","35.9"
2011-01-25,"58.8","80.3"
2011-01-26,"86.7","68.2"
2011-01-27,"62.5","131.0"
2011-01-28,"70.8","132.3"
2011-01-29,"75.8","138.7"
2011-01-30,"80.2","142.5"
2011-01-31,"66.2","93.2"
2011-02-01,"87.8","126.8"
2011-02-02,"73.0","72.4"
2011-02-03,"51.3","71.2"
2011-02-04,"41.4","36.4"
2011-02-05,"20.2","14.7"
2011-02-06,"23.6","17.8"
2011-02-07,"35.5","68.8"
2011-02-08,"37.4","82.1"
2011-02-09,"36.8","48.9"
2011-02-10,"34.0","95.7"
2011-02-11,"45.8","67.3"
2011-02-12,"22.6","28.3"
2011-02-13,"40.0","61.3"
2011-02-14,"43.3","60.3"
2011-02-15,"52.1","72.8"
2011-02-16,"33.9","59.9"
2011-02-17,"36.0","71.6"
2011-02-18,"43.8","79.2"
2011-02-19,"52.0","83.7"
2011-02-20,"50.4","59.2"
2011-02-21,"53.7","57.1"
2011-02-22,"66.7","61.5"
2011-02-23,"81.2","72.7"
2011-02-24,"106.6","107.3"
2011-02-25,"99.8","85.3"
2011-02-26,"69.4","70.3"
2011-02-27,"31.4","74.5"
2011-02-28,"51.4","63.0"
2011-03-01,"73.2","78.2"
2011-03-02,"116.3","85.9"
2011-03-03,"88.8","143.7"
2011-03-04,"141.7","223.0"
2011-03-05,"67.9","95.5"
2011-03-06,"24.4","19.6"
2011-03-07,"63.8","40.2"
2011-03-08,"90.7","131.2"
2011-03-09,"63.3","142.0"
2011-03-10,"86.0","171.5"
2011-03-11,"53.7","113.8"
2011-03-12,"68.7","117.7"
2011-03-13,"117.0","107.6"
2011-03-14,"92.2",
2011-03-15,"88.6","105.7"
2011-03-16,"34.3","102.4"
2011-03-17,"30.7","69.7"
2011-03-18,"30.3","46.0"
2011-03-19,"36.7","26.1"
2011-03-20,"50.6","60.8"
2011-03-21,"85.0","136.9"
2011-03-22,"69.8","97.6"
2011-03-23,"58.8","90.9"
2011-03-24,"49.8","48.5"
2011-03-25,"39.9","56.9"
2011-03-26,"20.9","73.0"
2011-03-27,"45.0","40.4"
2011-03-28,"63.1","76.2"
2011-03-29,"74.2","93.8"
2011-03-30,"107.5","167.4"
2011-03-31,"109.8","176.4"
2011-04-01,"58.9",
2011-04-02,"51.8",
2011-04-03,"47.1",
2011-04-04,"79.6","25.0"
2011-04-05,"63.4","53.2"
2011-04-06,"74.6","63.6"
2011-04-07,"42.5","31.4"
2011-04-08,"36.7","25.2"
2011-04-09,"19.5","22.5"
2011-04-10,"24.5","19.2"
2011-04-11,"35.8","20.1"
2011-04-12,"40.6","57.5"
2011-04-13,"28.4",
2011-04-14,"47.5","33.9"
2011-04-15,"52.8","43.5"
2011-04-16,"52.8","91.0"
2011-04-17,"67.1","87.2"
2011-04-18,"64.3","83.8"
2011-04-19,"40.5","78.8"
2011-04-20,"44.9","82.0"
2011-04-21,"64.9","73.7"
2011-04-22,"57.6","78.0"
2011-04-23,"47.8","53.8"
2011-04-24,"40.0","33.6"
2011-04-25,"45.4","45.3"
2011-04-26,"47.3","54.3"
2011-04-27,"61.7","74.0"
2011-04-28,"69.0","79.8"
2011-04-29,"76.2","70.8"
2011-04-30,"43.0","53.3"
2011-05-01,"26.6","34.5"
2011-05-02,"29.7","21.4"
2011-05-03,"28.4","28.6"
2011-05-04,"41.5","26.0"
2011-05-05,"50.1","33.0"
2011-05-06,"58.6","54.2"
2011-05-07,"68.3","31.5"
2011-05-08,"22.7","24.1"
2011-05-09,"76.8","42.3"
2011-05-10,"54.1","37.4"
2011-05-11,"81.1","53.8"
2011-05-12,"87.4","50.4"
2011-05-13,"42.3","28.2"
2011-05-14,"49.8","30.8"
2011-05-15,"36.2","31.2"
2011-05-16,"40.1","25.0"
2011-05-17,"58.5","33.2"
2011-05-18,"49.6","35.0"
2011-05-19,"71.8","39.0"
2011-05-20,"91.1","44.9"
2011-05-21,"41.3","41.4"
2011-05-22,"39.1","37.7"
2011-05-23,"43.9","35.4"
2011-05-24,"59.8","47.3"
2011-05-25,"43.8","26.5"
2011-05-26,"73.6","45.4"
2011-05-27,"54.4","38.3"
2011-05-28,"45.4","17.6"
2011-05-29,"35.0","26.2"
2011-05-30,"41.2","37.1"
2011-05-31,"37.7","43.8"
2011-06-01,"47.8","31.1"
2011-06-02,"43.5","36.6"
2011-06-03,"31.3","30.5"
2011-06-04,"30.8","56.3"
2011-06-05,"27.6","34.4"
2011-06-06,"36.2","27.5"
2011-06-07,"44.1","31.2"
2011-06-08,"51.3","40.0"
2011-06-09,"50.3","28.2"
2011-06-10,"42.7","19.2"
2011-06-11,"35.2","13.8"
2011-06-12,"26.1","16.6"
2011-06-13,"41.6","26.8"
2011-06-14,"51.4","41.2"
2011-06-15,"55.7","56.3"
2011-06-16,"68.6","36.9"
2011-06-17,"48.8","37.5"
2011-06-18,"33.6","28.3"
2011-06-19,"22.0","5.7"
2011-06-20,"20.8","10.6"
2011-06-21,"39.3","13.0"
2011-06-22,"43.7","21.8"
2011-06-23,"24.2","12.2"
2011-06-24,"28.8","14.7"
2011-06-25,"21.1","15.3"
2011-06-26,"20.5","22.8"
2011-06-27,"29.0","17.0"
2011-06-28,"31.7","19.8"
2011-06-29,"34.2","19.1"
2011-06-30,"28.1","20.2"
2011-07-01,"37.0","9.7"
2011-07-02,"16.0","18.8"
2011-07-03,"13.1","6.1"
2011-07-04,"26.2","15.7"
2011-07-05,"33.6","23.1"
2011-07-06,"34.3","37.3"
2011-07-07,"49.8","47.3"
2011-07-08,"41.6","70.1"
2011-07-09,"49.3",
2011-07-10,"27.7",
2011-07-11,"31.1","17.1"
2011-07-12,"39.5","21.2"
2011-07-13,"32.2","52.7"
2011-07-14,"49.7","40.1"
2011-07-15,"38.7","28.8"
2011-07-16,"26.4","33.3"
2011-07-17,"29.1","32.9"
2011-07-18,"43.2","39.2"
2011-07-19,"35.8","41.0"
2011-07-20,"24.6","17.9"
2011-07-21,"44.5","9.3"
2011-07-22,"23.0","5.7"
2011-07-23,"25.4","22.8"
2011-07-24,"21.2","33.3"
2011-07-25,"36.0","30.8"
2011-07-26,"45.6","42.0"
2011-07-27,"23.7","42.4"
2011-07-28,"41.4","27.3"
2011-07-29,"47.0","35.5"
2011-07-30,"28.7","26.4"
2011-07-31,"29.3","9.0"
2011-08-01,"40.4","23.5"
2011-08-02,"33.2","39.8"
2011-08-03,"27.3","45.1"
2011-08-04,"27.5","75.7"
2011-08-05,"35.9","67.7"
2011-08-06,"33.8","61.1"
2011-08-07,"36.0","33.3"
2011-08-08,"30.3","13.1"
2011-08-09,"24.9","13.0"
2011-08-10,"30.3","19.4"
2011-08-11,"42.3","22.8"
2011-08-12,"54.0","37.5"
2011-08-13,"34.5","22.4"
2011-08-14,"29.2","25.5"
2011-08-15,"31.9","22.5"
2011-08-16,"41.3","20.9"
2011-08-17,"46.4","42.2"
2011-08-18,"50.4","45.4"
2011-08-19,"55.0","36.1"
2011-08-20,"26.8","25.8"
2011-08-21,"41.8","37.3"
2011-08-22,"48.6","28.0"
2011-08-23,"45.5","46.4"
2011-08-24,"34.4","56.8"
2011-08-25,"38.9","66.5"
2011-08-26,"35.2","69.8"
2011-08-27,"52.3","61.4"
2011-08-28,"27.1","19.7"
2011-08-29,"43.6","26.0"
2011-08-30,"40.9","33.5"
2011-08-31,"50.3","53.7"
2011-09-01,"64.1","48.4"
2011-09-02,"70.6","57.5"
2011-09-03,"71.4","62.0"
2011-09-04,"25.4","78.3"
2011-09-05,"39.3","55.1"
2011-09-06,"41.5","13.5"
2011-09-07,"43.9","29.6"
2011-09-08,"30.4","9.4"
2011-09-09,"31.9","12.5"
2011-09-10,"37.7","27.1"
2011-09-11,"37.7","46.3"
2011-09-12,"48.6",
2011-09-13,"45.3",
2011-09-14,"46.7",
2011-09-15,"46.9",
2011-09-16,"42.3",
2011-09-17,"49.5",
2011-09-18,"39.9",
2011-09-19,"65.8",
2011-09-20,"52.0",
2011-09-21,"29.2",
2011-09-22,,
2011-09-23,,
2011-09-24,,
2011-09-25,,
2011-09-26,"94.4",
2011-09-27,"74.8",
2011-09-28,"40.7",
2011-09-29,"59.5",
2011-09-30,"48.0",
2011-10-01,"43.7",
2011-10-02,"36.3",
2011-10-03,"50.0",
2011-10-04,"59.1",
2011-10-05,"50.7",
2011-10-06,"43.5",
2011-10-07,"30.8",
2011-10-08,"31.2",
2011-10-09,"38.3",
2011-10-10,"43.2",
2011-10-11,"35.5",
2011-10-12,"27.9",
2011-10-13,"29.3",
2011-10-14,"31.8",
2011-10-15,"18.1",
2011-10-16,"35.6",
2011-10-17,"34.0",
2011-10-18,"50.1",
2011-10-19,"44.6",
2011-10-20,"41.0",
2011-10-21,"60.7",
2011-10-22,"75.2",
2011-10-23,"32.9",
2011-10-24,"32.8",
2011-10-25,"29.6","54.9"
2011-10-26,"35.8","69.2"
2011-10-27,"51.2","110.5"
2011-10-28,"82.6","161.4"
2011-10-29,"105.2","158.6"
2011-10-30,"76.2","169.1"
2011-10-31,"74.5","153.5"
2011-11-01,"38.9","90.5"
2011-11-02,"41.7","77.6"
2011-11-03,"71.9","128.0"
2011-11-04,"66.1","156.8"
2011-11-05,"60.3","124.7"
2011-11-06,"46.7","72.4"
2011-11-07,"55.2","147.5"
2011-11-08,"143.5","202.7"
2011-11-09,"51.3","144.4"
2011-11-10,"20.8","33.1"
2011-11-11,"29.2","45.5"
2011-11-12,"72.4","173.5"
2011-11-13,"33.4","76.1"
2011-11-14,"74.4","162.4"
2011-11-15,"83.0","123.3"
2011-11-16,"39.5","89.4"
2011-11-17,"49.0","134.3"
2011-11-18,"96.8","77.8"
2011-11-19,"88.1","115.7"
2011-11-20,"91.9","185.4"
2011-11-21,"101.3","168.3"
2011-11-22,"103.0","104.3"
2011-11-23,"126.9","106.9"
2011-11-24,"114.4","101.7"
2011-11-25,"88.6","111.5"
2011-11-26,"38.2","48.6"
2011-11-27,"26.3","26.2"
2011-11-28,"33.7","51.1"
2011-11-29,"66.8","189.2"
2011-11-30,"62.7","113.1"
2011-12-01,"56.8","104.5"
2011-12-02,"54.7","132.2"
2011-12-03,"30.8","96.4"
2011-12-04,"17.7","9.5"
2011-12-05,"20.4","23.8"
2011-12-06,"30.8","22.5"
2011-12-07,"33.0","23.6"
2011-12-08,"27.9","20.3"
2011-12-09,"30.1","30.0"
2011-12-10,"28.6","23.6"
2011-12-11,"36.7","88.8"
2011-12-12,"59.0","126.1"
2011-12-13,"61.5","120.2"
2011-12-14,"52.2","120.8"
2011-12-15,"52.9","113.5"
2011-12-16,"52.4","88.5"
2011-12-17,"18.2","13.2"
2011-12-18,"16.2","13.8"
2011-12-19,"42.9","105.8"
2011-12-20,"89.8","236.0"
2011-12-21,"86.9","179.2"
2011-12-22,"128.2","68.8"
2011-12-23,"103.3","161.2"
2011-12-24,"57.6","149.8"
2011-12-25,"19.1","29.0"
2011-12-26,"18.0","34.6"
2011-12-27,"26.3","24.6"
2011-12-28,"38.0","56.8"
2011-12-29,"47.6","80.7"
2011-12-30,"44.0","26.9"
2011-12-31,"41.1","47.3"
2012-01-01,"57.6","101.9"
2012-01-02,"37.2","100.9"
2012-01-03,"59.4","57.9"
2012-01-04,"41.0","15.2"
2012-01-05,"19.0","12.2"
2012-01-06,"15.4","10.8"
2012-01-07,"27.3","29.9"
2012-01-08,"28.3","34.2"
2012-01-09,"34.3","36.7"
2012-01-10,"52.8","29.9"
2012-01-11,"35.7","32.7"
2012-01-12,"25.2","23.4"
2012-01-13,"20.5","22.1"
2012-01-14,"10.2","32.0"
2012-01-15,"16.1","20.3"
2012-01-16,"31.4","38.8"
2012-01-17,"40.3","53.0"
2012-01-18,"62.7","85.5"
2012-01-19,"38.9","54.2"
2012-01-20,"29.3","21.3"
2012-01-21,"28.3","35.0"
2012-01-22,"21.3","13.0"
2012-01-23,"19.8","29.2"
2012-01-24,"39.4","65.0"
2012-01-25,"52.7","47.4"
2012-01-26,"37.7","66.7"
2012-01-27,"49.4","123.5"
2012-01-28,"44.9","133.5"
2012-01-29,"37.2","90.8"
2012-01-30,"42.1","98.8"
2012-01-31,"49.4","90.8"
2012-02-01,"49.6","73.3"
2012-02-02,"63.0","130.4"
2012-02-03,"124.7","201.5"
2012-02-04,"85.8","142.6"
2012-02-05,"61.6","69.2"
2012-02-06,"71.1","93.0"
2012-02-07,"51.9","100.2"
2012-02-08,"55.8","115.3"
2012-02-09,"66.7","196.0"
2012-02-10,"54.3","135.0"
2012-02-11,"78.4","280.0"
2012-02-12,"162.4","309.2"
2012-02-13,"117.3","247.6"
2012-02-14,"130.4","215.2"
2012-02-15,"71.9","75.3"
2012-02-16,"80.7","62.6"
2012-02-17,"113.6","63.9"
2012-02-18,"30.3","76.3"
2012-02-19,"45.4","108.5"
2012-02-20,"28.4","47.6"
2012-02-21,"38.0","93.3"
2012-02-22,"40.8","54.2"
2012-02-23,"24.0","50.8"
2012-02-24,"17.8","25.4"
2012-02-25,"18.3","20.1"
2012-02-26,"10.9","13.5"
2012-02-27,"31.0","38.4"
2012-02-28,"57.4","69.9"
2012-02-29,"37.7","36.5"
2012-03-01,"46.6","85.5"
2012-03-02,"27.7","30.4"
2012-03-03,"24.9","23.2"
2012-03-04,"21.3","74.5"
2012-03-05,"38.8","78.0"
2012-03-06,"27.9","50.1"
2012-03-07,"58.5","84.5"
2012-03-08,"60.5","107.6"
2012-03-09,"130.7","74.7"
2012-03-10,"65.7","68.6"
2012-03-11,"24.8","24.8"
2012-03-12,"43.2","60.5"
2012-03-13,"36.8","45.3"
2012-03-14,"37.0","36.2"
2012-03-15,"51.0","41.6"
2012-03-16,"115.5","97.7"
2012-03-17,"143.5","116.9"
2012-03-18,"140.2","111.4"
2012-03-19,"64.2","65.9"
2012-03-20,"37.2","71.9"
2012-03-21,"41.4","64.8"
2012-03-22,"58.5","107.7"
2012-03-23,"66.0","104.6"
2012-03-24,"57.7","139.8"
2012-03-25,"72.9","83.0"
2012-03-26,"54.7","29.0"
2012-03-27,"48.9","60.2"
2012-03-28,"68.2","45.8"
2012-03-29,"44.2","29.8"
2012-03-30,"28.3","18.2"
2012-03-31,"13.4","10.2"
2012-04-01,"19.7","16.4"
2012-04-02,"23.5","26.3"
2012-04-03,"62.3","60.1"
2012-04-04,"59.5","59.4"
2012-04-05,"32.2","59.2"
2012-04-06,"40.3","31.5"
2012-04-07,"48.5","41.5"
2012-04-08,"15.6","11.4"
2012-04-09,"21.4","16.1"
2012-04-10,"33.0","46.6"
2012-04-11,"39.1","37.7"
2012-04-12,"61.3","34.0"
2012-04-13,"51.0","23.2"
2012-04-14,"46.0","29.1"
2012-04-15,"28.4","23.4"
2012-04-16,"24.8","27.4"
2012-04-17,"42.0","22.0"
2012-04-18,"40.7","49.3"
2012-04-19,"21.6","53.3"
2012-04-20,"45.0","52.5"
2012-04-21,"41.1","38.2"
2012-04-22,"38.7","38.8"
2012-04-23,"29.9","17.5"
2012-04-24,"26.5","25.9"
2012-04-25,"38.1","23.3"
2012-04-26,"42.4","41.8"
2012-04-27,"63.8","42.4"
2012-04-28,"51.4","41.4"
2012-04-29,"49.1","34.5"
2012-04-30,"70.7","45.1"
2012-05-01,"58.7","41.2"
2012-05-02,"49.4","52.6"
2012-05-03,"34.2","42.1"
2012-05-04,"49.9","40.7"
2012-05-05,"39.1","22.8"
2012-05-06,"32.8","17.5"
2012-05-07,"22.1","16.0"
2012-05-08,"27.2",
2012-05-09,"35.0",
2012-05-10,"45.5",
2012-05-11,"57.9","46.6"
2012-05-12,"27.8","38.5"
2012-05-13,"23.4","12.2"
2012-05-14,"16.3","30.5"
2012-05-15,"19.9","28.9"
2012-05-16,"29.1","43.7"
2012-05-17,"27.6","18.5"
2012-05-18,"33.7","42.7"
2012-05-19,"22.8","60.1"
2012-05-20,"27.5","39.0"
2012-05-21,"32.1","42.7"
2012-05-22,"37.6","57.8"
2012-05-23,"41.6","38.8"
2012-05-24,"33.6","30.4"
2012-05-25,"28.1","33.5"
2012-05-26,"28.6","42.6"
2012-05-27,"25.8","26.7"
2012-05-28,"44.6","30.0"
2012-05-29,"40.9","43.2"
2012-05-30,"27.5","21.6"
2012-05-31,"41.0","24.9"
2012-06-01,"27.8","25.9"
2012-06-02,"20.9","26.4"
2012-06-03,"26.9","26.6"
2012-06-04,"43.3","22.9"
2012-06-05,"51.4","11.5"
2012-06-06,"32.3","26.7"
2012-06-07,"28.8","22.0"
2012-06-08,"42.4","32.4"
2012-06-09,"32.5","25.0"
2012-06-10,"29.2","21.0"
2012-06-11,"27.1","23.0"
2012-06-12,"34.6","26.5"
2012-06-13,"14.4","17.0"
2012-06-14,"36.6","22.5"
2012-06-15,"36.9","22.3"
2012-06-16,"37.7","26.6"
2012-06-17,"29.1","21.5"
2012-06-18,"28.3","45.6"
2012-06-19,"42.1","35.6"
2012-06-20,"23.0","55.3"
2012-06-21,"30.0","33.5"
2012-06-22,"32.0","28.6"
2012-06-23,"32.8","33.9"
2012-06-24,"38.3","21.8"
2012-06-25,"19.4","15.6"
2012-06-26,"18.4","15.4"
2012-06-27,"29.3","24.8"
2012-06-28,"40.5",
2012-06-29,"24.6","14.8"
2012-06-30,"33.0",
2012-07-01,"38.4",
2012-07-02,"33.8","24.9"
2012-07-03,"41.4","39.4"
2012-07-04,"43.2","28.6"
2012-07-05,"34.3","48.2"
2012-07-06,"41.2","43.5"
2012-07-07,"37.4","35.3"
2012-07-08,"27.0","29.3"
2012-07-09,"30.3","32.6"
2012-07-10,"36.6","34.7"
2012-07-11,"39.8","23.0"
2012-07-12,"37.0","21.2"
2012-07-13,"26.9","10.5"
2012-07-14,"19.1","11.1"
2012-07-15,"15.7","6.8"
2012-07-16,"22.8","15.6"
2012-07-17,"24.7","16.4"
2012-07-18,"23.4","17.2"
2012-07-19,"29.8","22.8"
2012-07-20,"25.1","25.1"
2012-07-21,"27.7","29.2"
2012-07-22,"22.4","15.8"
2012-07-23,"25.0","34.0"
2012-07-24,"26.5","48.4"
2012-07-25,"38.5","50.2"
2012-07-26,"34.8",
2012-07-27,"50.4","47.4"
2012-07-28,"41.3","38.6"
2012-07-29,"29.4","16.8"
2012-07-30,"32.2","25.7"
2012-07-31,"42.1","45.1"
2012-08-01,"31.3","39.2"
2012-08-02,"27.8","38.0"
2012-08-03,"45.4","38.7"
2012-08-04,"30.1","41.1"
2012-08-05,"25.0","34.2"
2012-08-06,"34.9","35.3"
2012-08-07,"22.6","14.8"
2012-08-08,"24.2","21.4"
2012-08-09,"30.5","24.7"
2012-08-10,"21.5","15.5"
2012-08-11,"19.0","12.9"
2012-08-12,"10.2","15.0"
2012-08-13,"23.6","19.5"
2012-08-14,"22.6","23.7"
2012-08-15,"17.9","15.8"
2012-08-16,"27.5","27.5"
2012-08-17,"44.5","45.2"
2012-08-18,"36.0","43.0"
2012-08-19,"33.2","30.0"
2012-08-20,"48.2","37.4"
2012-08-21,"37.9","35.0"
2012-08-22,"37.9","47.6"
2012-08-23,"38.9","41.0"
2012-08-24,"45.8","39.8"
2012-08-25,"35.6","12.6"
2012-08-26,"25.6","17.2"
2012-08-27,"16.2","16.2"
2012-08-28,"27.4","21.0"
2012-08-29,"28.1","68.2"
2012-08-30,"23.9","41.7"
2012-08-31,"29.2","37.4"
2012-09-01,"26.9","25.2"
2012-09-02,"21.0","27.3"
2012-09-03,"40.3","50.4"
2012-09-04,"38.8","72.3"
2012-09-05,"39.9","40.0"
2012-09-06,"19.7","16.8"
2012-09-07,"33.3","22.7"
2012-09-08,,
2012-09-09,,
2012-09-10,,"39.2"
2012-09-11,"41.0","55.8"
2012-09-12,"34.6","39.1"
2012-09-13,"19.7","6.2"
2012-09-14,"28.4","9.7"
2012-09-15,"19.7",
2012-09-16,"21.5",
2012-09-17,"30.7","79.4"
2012-09-18,"45.6","51.7"
2012-09-19,"38.6","35.7"
2012-09-20,"32.3","22.8"
2012-09-21,"46.2","30.4"
2012-09-22,"21.1","64.8"
2012-09-23,"13.2","22.3"
2012-09-24,"27.2",
2012-09-25,"56.4",
2012-09-26,"43.6","41.8"
2012-09-27,"38.1","30.5"
2012-09-28,"30.8","11.7"
2012-09-29,"28.9",
2012-09-30,"24.5",
2012-10-01,"23.8",
2012-10-02,"58.9","74.5"
2012-10-03,"56.5","45.1"
2012-10-04,"37.2","32.5"
2012-10-05,"16.4","17.0"
2012-10-06,"16.7","20.3"
2012-10-07,"15.9","14.4"
2012-10-08,"17.6","20.5"
2012-10-09,"21.9","24.6"
2012-10-10,"17.4","27.3"
2012-10-11,"27.2","34.6"
2012-10-12,"44.1","46.2"
2012-10-13,,
2012-10-14,,
2012-10-15,"35.0","43.2"
2012-10-16,"35.0","50.0"
2012-10-17,"39.9",
2012-10-18,"45.0",
2012-10-19,"39.5","106.8"
2012-10-20,"46.9","142.5"
2012-10-21,"43.9","143.4"
2012-10-22,"34.1","119.7"
2012-10-23,"21.7",
2012-10-24,"24.6","42.9"
2012-10-25,"34.8","48.0"
2012-10-26,"27.2","15.3"
2012-10-27,"14.6","12.8"
2012-10-28,"22.5","26.8"
2012-10-29,"35.9","39.3"
2012-10-30,"33.4","39.3"
2012-10-31,"38.2","38.4"
2012-11-01,"22.0","24.7"
2012-11-02,"28.5","52.7"
2012-11-03,"29.8","78.2"
2012-11-04,"25.8","59.6"
2012-11-05,"23.2","35.6"
2012-11-06,,"22.3"
2012-11-07,,"13.7"
2012-11-08,,"39.8"
2012-11-09,,"84.8"
2012-11-10,,"58.0"
2012-11-11,,"27.9"
2012-11-12,,"86.8"
2012-11-13,,"67.8"
2012-11-14,,"68.2"
2012-11-15,,"179.2"
2012-11-16,,"137.2"
2012-11-17,,"87.2"
2012-11-18,,"96.6"
2012-11-19,,"89.8"
2012-11-20,,"70.8"
2012-11-21,,"38.0"
2012-11-22,,"100.9"
2012-11-23,,"101.5"
2012-11-24,,"110.9"
2012-11-25,,"116.6"
2012-11-26,,"113.9"
2012-11-27,,"155.0"
2012-11-28,,"104.4"
2012-11-29,,"63.8"
2012-11-30,,"48.3"
2012-12-01,,"40.2"
2012-12-02,,"77.5"
2012-12-03,,"48.2"
2012-12-04,,"64.5"
2012-12-05,,"62.9"
2012-12-06,,"116.6"
2012-12-07,,"106.0"
2012-12-08,,"245.7"
2012-12-09,,"269.4"
2012-12-10,,"132.8"
2012-12-11,,"105.1"
2012-12-12,,"58.2"
2012-12-13,,"90.5"
2012-12-14,,"74.7"
2012-12-15,,"63.1"
2012-12-16,,"140.1"
2012-12-17,,"95.3"
2012-12-18,,"83.5"
2012-12-19,,"70.1"
2012-12-20,,"63.1"
2012-12-21,,"70.7"
2012-12-22,,"70.6"
2012-12-23,,"79.1"
2012-12-24,,"109.2"
2012-12-25,,"164.5"
2012-12-26,,"143.7"
2012-12-27,,"20.9"
2012-12-28,,"62.4"
2012-12-29,,"216.0"
2012-12-30,,"143.1"
2012-12-31,,"65.0"
2013-01-01,,"144.8"
2013-01-02,,"68.5"
2013-01-03,,"24.1"
2013-01-04,,"22.5"
2013-01-05,,"14.4"
2013-01-06,,"30.7"
2013-01-07,,"30.4"
2013-01-08,,"53.5"
2013-01-09,,"157.2"
2013-01-10,,"105.2"
2013-01-11,,"37.3"
2013-01-12,"50.4","37.6"
2013-01-13,"70.1","63.5"
2013-01-14,"39.7","99.5"
2013-01-15,"78.3","174.7"
2013-01-16,"54.2","127.7"
2013-01-17,"29.7","49.0"
2013-01-18,"33.6","38.5"
2013-01-19,"41.1","49.8"
2013-01-20,"72.7","124.9"
2013-01-21,"54.8","59.8"
2013-01-22,"23.7","62.4"
2013-01-23,"38.8","115.6"
2013-01-24,"81.0","225.7"
2013-01-25,"39.6","75.4"
2013-01-26,"25.1","40.9"
2013-01-27,"71.2","106.3"
2013-01-28,"126.8","155.8"
2013-01-29,"66.0","66.0"
2013-01-30,"33.3","46.8"
2013-01-31,"18.1","15.7"
2013-02-01,"23.3","31.9"
2013-02-02,"31.3","29.4"
2013-02-03,"20.7","24.5"
2013-02-04,"37.5","22.6"
2013-02-05,"29.0","24.7"
2013-02-06,"37.9","100.2"
2013-02-07,"45.8","56.4"
2013-02-08,"58.7","93.2"
2013-02-09,"63.8","97.2"
2013-02-10,"68.5","75.6"
2013-02-11,"37.9","111.9"
2013-02-12,"53.2","148.6"
2013-02-13,"29.8","70.7"
2013-02-14,"37.9","73.5"
2013-02-15,"33.8","57.5"
2013-02-16,"30.7","76.6"
2013-02-17,"36.9","47.1"
2013-02-18,"58.8","84.5"
2013-02-19,"52.5","81.8"
2013-02-20,"58.5","37.8"
2013-02-21,"67.4","59.0"
2013-02-22,"49.6","60.1"
2013-02-23,"32.2","59.5"
2013-02-24,"29.5","43.9"
2013-02-25,"29.0","46.6"
2013-02-26,"40.4","36.4"
2013-02-27,"81.8","57.7"
2013-02-28,"47.0","123.7"
2013-03-01,"27.9","66.4"
2013-03-02,"22.4","45.2"
2013-03-03,"22.7","41.9"
2013-03-04,"41.0","98.3"
2013-03-05,"52.4","104.7"
2013-03-06,"68.9","53.0"
2013-03-07,"77.7","72.4"
2013-03-08,"18.3","39.3"
2013-03-09,"12.4","34.5"
2013-03-10,"17.5","60.8"
2013-03-11,"24.6","60.2"
2013-03-12,"47.4","64.2"
2013-03-13,"42.5","73.0"
2013-03-14,"42.6","48.6"
2013-03-15,"27.7","25.3"
2013-03-16,"29.9","58.9"
2013-03-17,"29.1","124.3"
2013-03-18,"32.0","61.9"
2013-03-19,"30.4","42.2"
2013-03-20,"52.3","67.9"
2013-03-21,"75.8","81.0"
2013-03-22,"28.0","38.9"
2013-03-23,"22.3","48.5"
2013-03-24,"34.4","77.8"
2013-03-25,"35.0","67.0"
2013-03-26,"27.0","37.0"
2013-03-27,"39.3","32.1"
2013-03-28,"22.8","32.5"
2013-03-29,"29.5","98.2"
2013-03-30,"55.5","116.0"
2013-03-31,"45.8","47.4"
2013-04-01,"22.5","38.7"
2013-04-02,"36.6","69.2"
2013-04-03,"24.2","27.0"
2013-04-04,"24.9","46.0"
2013-04-05,"48.4","94.2"
2013-04-06,"34.1","50.6"
2013-04-07,"46.8","58.7"
2013-04-08,"64.6","69.6"
2013-04-09,"29.5","69.3"
2013-04-10,"43.8","67.9"
2013-04-11,"69.0","83.9"
2013-04-12,"45.0","43.7"
2013-04-13,"30.4","27.3"
2013-04-14,"25.5","28.0"
2013-04-15,"31.9","43.9"
2013-04-16,"34.4","62.9"
2013-04-17,"71.2","86.9"
2013-04-18,"67.4","75.3"
2013-04-19,"70.2","60.8"
2013-04-20,"51.4","44.2"
2013-04-21,"20.9","27.5"
2013-04-22,"32.3","76.0"
2013-04-23,"66.9","78.5"
2013-04-24,"49.3","64.4"
2013-04-25,"70.1","65.5"
2013-04-26,"70.1","57.2"
2013-04-27,"54.7","58.3"
2013-04-28,"59.4","31.5"
2013-04-29,"41.2","37.8"
2013-04-30,"41.7","43.3"
2013-05-01,"24.2","37.5"
2013-05-02,"25.6","49.0"
2013-05-03,"29.6","30.1"
2013-05-04,"36.5","33.3"
2013-05-05,"40.5","42.2"
2013-05-06,"21.2","60.9"
2013-05-07,"27.1","47.5"
2013-05-08,"36.9","54.1"
2013-05-09,"54.3","53.8"
2013-05-10,"64.1","49.2"
2013-05-11,"32.0","35.8"
2013-05-12,"26.0","18.6"
2013-05-13,"30.5","26.7"
2013-05-14,"37.8","46.2"
2013-05-15,"39.2","44.0"
2013-05-16,"46.2","40.5"
2013-05-17,"37.7","51.8"
2013-05-18,"32.2","36.0"
2013-05-19,"28.0","30.2"
2013-05-20,"39.9","41.1"
2013-05-21,"34.6","25.3"
2013-05-22,"34.1","27.8"
2013-05-23,"24.8","21.4"
2013-05-24,"24.6","18.4"
2013-05-25,"18.7","32.6"
2013-05-26,"23.1","29.0"
2013-05-27,"35.3","19.3"
2013-05-28,"14.1","22.8"
2013-05-29,"22.9","35.8"
2013-05-30,"29.3","30.2"
2013-05-31,"31.2","23.8"
2013-06-01,"28.2","19.5"
2013-06-02,"31.1","28.4"
2013-06-03,"40.2","18.6"
2013-06-04,"40.4","20.1"
2013-06-05,"43.0","16.6"
2013-06-06,"52.8","29.5"
2013-06-07,"60.6","29.3"
2013-06-08,"61.0",
2013-06-09,"58.3",
2013-06-10,"54.3","24.3"
2013-06-11,"45.1","18.0"
2013-06-12,"49.0","27.9"
2013-06-13,"62.4","29.6"
2013-06-14,"48.3","26.4"
2013-06-15,"37.4","33.0"
2013-06-16,"34.1","30.4"
2013-06-17,"36.6","48.0"
2013-06-18,"29.0","49.3"
2013-06-19,"30.8","40.4"
2013-06-20,"34.4","58.8"
2013-06-21,"45.0","44.6"
2013-06-22,"37.2","25.5"
2013-06-23,"28.3","21.8"
2013-06-24,"35.9","20.2"
2013-06-25,"24.3","14.3"
2013-06-26,"15.6","13.4"
2013-06-27,"28.7","19.1"
2013-06-28,"32.4","15.4"
2013-06-29,"38.3","22.8"
2013-06-30,"23.0","21.8"
2013-07-01,"28.1","28.4"
2013-07-02,"42.6","34.4"
2013-07-03,"43.0","32.4"
2013-07-04,"43.2","39.3"
2013-07-05,"61.0","37.1"
2013-07-06,"27.5","18.5"
2013-07-07,"19.3","21.0"
2013-07-08,"31.6","21.0"
2013-07-09,"39.5","36.6"
2013-07-10,"47.2","35.0"
2013-07-11,"29.1","19.7"
2013-07-12,"26.7","15.9"
2013-07-13,"15.0","15.5"
2013-07-14,"19.4","19.7"
2013-07-15,"23.0","17.8"
2013-07-16,"25.5","28.3"
2013-07-17,"33.2","31.1"
2013-07-18,"40.1","30.6"
2013-07-19,"31.2","32.0"
2013-07-20,"17.4","19.8"
2013-07-21,"17.7","15.4"
2013-07-22,"27.8","20.4"
2013-07-23,"24.8","22.1"
2013-07-24,"22.5","23.0"
2013-07-25,"34.8","37.2"
2013-07-26,"45.2","38.7"
2013-07-27,"49.6","36.7"
2013-07-28,"59.1","32.5"
2013-07-29,"43.3","33.9"
2013-07-30,"30.3","25.3"
2013-07-31,"32.7","22.9"
2013-08-01,"33.5","24.6"
2013-08-02,"34.0","41.1"
2013-08-03,"28.1","34.2"
2013-08-04,"32.8","27.2"
2013-08-05,,"33.6"
2013-08-06,,"44.2"
2013-08-07,,"45.2"
2013-08-08,,"43.0"
2013-08-09,,"32.0"
2013-08-10,,"23.8"
2013-08-11,,"20.2"
2013-08-12,,"27.6"
2013-08-13,,"26.6"
2013-08-14,"33.5","28.5"
2013-08-15,"25.9","27.5"
2013-08-16,"46.6","39.6"
2013-08-17,"37.9","54.2"
2013-08-18,"44.8","28.3"
2013-08-19,"53.4","37.6"
2013-08-20,"38.0","19.1"
2013-08-21,"27.5","15.0"
2013-08-22,"35.3","24.2"
2013-08-23,"34.4","31.0"
2013-08-24,"26.1","36.0"
2013-08-25,"20.1","29.5"
2013-08-26,"21.9","34.2"
2013-08-27,"27.6","32.1"
2013-08-28,"25.1","41.9"
2013-08-29,"40.9","40.6"
2013-08-30,"53.6",
2013-08-31,"52.6",
2013-09-01,"29.8",
2013-09-02,"21.0","27.1"
2013-09-03,"26.3","13.2"
2013-09-04,"34.1","35.4"
2013-09-05,"35.1","35.2"
2013-09-06,"34.3","40.8"
2013-09-07,"29.6","48.5"
2013-09-08,"23.6","43.6"
2013-09-09,"35.8","51.3"
2013-09-10,"35.8","33.2"
2013-09-11,"38.6","20.2"
2013-09-12,"42.7","29.6"
2013-09-13,"41.8","25.2"
2013-09-14,"34.6","18.5"
2013-09-15,"34.8","16.5"
2013-09-16,"37.3","25.3"
2013-09-17,"28.3","13.9"
2013-09-18,"40.7","19.2"
2013-09-19,"31.3","18.0"
2013-09-20,"27.5","21.9"
2013-09-21,"24.3","24.2"
2013-09-22,"23.3","25.2"
2013-09-23,"21.9","11.7"
2013-09-24,"17.1","13.4"
2013-09-25,"30.5","21.7"
2013-09-26,"32.0","23.7"
2013-09-27,"31.3","30.0"
2013-09-28,"36.4","47.3"
2013-09-29,,"39.3"
2013-09-30,,"38.8"
2013-10-01,,"25.9"
2013-10-02,,"22.8"
2013-10-03,"34.6","36.2"
2013-10-04,"34.7","46.3"
2013-10-05,"23.8","75.4"
2013-10-06,"46.4","77.1"
2013-10-07,"36.6","71.2"
2013-10-08,"28.2","90.1"
2013-10-09,"49.2","109.5"
2013-10-10,"54.0","59.5"
2013-10-11,"30.3","48.5"
2013-10-12,"12.3","52.2"
2013-10-13,"20.3","36.4"
2013-10-14,"40.7","42.8"
2013-10-15,"36.8","76.2"
2013-10-16,"27.6","48.6"
2013-10-17,"27.5","34.5"
2013-10-18,"13.2","14.7"
2013-10-19,"17.2","60.8"
2013-10-20,"36.1","59.6"
2013-10-21,"26.2","42.3"
2013-10-22,"34.7","59.4"
2013-10-23,"53.2","72.5"
2013-10-24,"51.6","49.2"
2013-10-25,"59.6","67.5"
2013-10-26,"57.5","45.3"
2013-10-27,"31.5","36.1"
2013-10-28,"33.8","16.3"
2013-10-29,"47.7","25.2"
2013-10-30,"48.2","27.8"
2013-10-31,"72.8","55.2"
2013-11-01,"51.4","73.1"
2013-11-02,"51.2","60.5"
2013-11-03,"20.3","17.6"
2013-11-04,"20.8","16.8"
2013-11-05,"40.7","25.5"
2013-11-06,"40.8","18.4"
2013-11-07,"37.0","19.2"
2013-11-08,"20.5","53.5"
2013-11-09,"33.5","47.8"
2013-11-10,"26.9","19.0"
2013-11-11,"36.2","24.5"
2013-11-12,"49.9","33.0"
2013-11-13,"54.1","69.0"
2013-11-14,"51.8","48.2"
2013-11-15,"72.8","90.0"
2013-11-16,"49.7","98.3"
2013-11-17,"30.9","57.5"
2013-11-18,"23.1","68.0"
2013-11-19,"48.1","83.0"
2013-11-20,"58.5","72.9"
2013-11-21,"54.1","47.2"
2013-11-22,"35.5","70.5"
2013-11-23,"69.9","49.5"
2013-11-24,"23.7","21.6"
2013-11-25,"26.5","12.3"
2013-11-26,"40.9","16.2"
2013-11-27,"50.0","44.7"
2013-11-28,"26.2","37.8"
2013-11-29,"44.0","29.8"
2013-11-30,"33.0","26.3"
2013-12-01,"23.5","22.9"
2013-12-02,"38.6","51.7"
2013-12-03,"75.6","152.1"
2013-12-04,"58.7","87.3"
2013-12-05,"30.0","30.0"
2013-12-06,"14.2","15.0"
2013-12-07,"13.6","17.5"
2013-12-08,"33.9","36.2"
2013-12-09,"26.4","15.6"
2013-12-10,"58.2","67.4"
2013-12-11,"60.1","69.7"
2013-12-12,"58.0","40.7"
2013-12-13,"63.6","75.1"
2013-12-14,"60.7","66.0"
2013-12-15,"44.8","37.2"
2013-12-16,"52.2","97.9"
2013-12-17,"87.2","108.6"
2013-12-18,"100.1","86.2"
2013-12-19,"86.4","140.9"
2013-12-20,"118.4","90.4"
2013-12-21,"46.8","88.5"
2013-12-22,,"133.0"
2013-12-23,,"73.2"
2013-12-24,"39.3","45.7"
2013-12-25,"28.3","22.8"
2013-12-26,"24.9","24.7"
2013-12-27,"55.6","86.5"
2013-12-28,"55.2","97.9"
2013-12-29,"44.7","48.9"
2013-12-30,"71.9","100.4"
2013-12-31,"65.8","89.7"
2014-01-01,"47.7","97.4"
2014-01-02,"59.5","113.8"
2014-01-03,"65.8","175.2"
2014-01-04,"57.1","136.0"
2014-01-05,"43.9","69.9"
2014-01-06,"30.8","59.0"
2014-01-07,"61.0","139.3"
2014-01-08,"43.3","81.8"
2014-01-09,"45.9","90.1"
2014-01-10,"18.5","25.4"
2014-01-11,"29.6","35.5"
2014-01-12,"13.8","15.8"
2014-01-13,"48.6","43.4"
2014-01-14,"41.9","99.0"
2014-01-15,"40.8","57.0"
2014-01-16,"36.5","73.6"
2014-01-17,"45.8","121.2"
2014-01-18,"44.7","67.8"
2014-01-19,"23.5","37.7"
2014-01-20,"15.6","21.8"
2014-01-21,"20.5","29.2"
2014-01-22,"39.0","39.4"
2014-01-23,"92.8","56.9"
2014-01-24,"46.3","47.5"
2014-01-25,"33.3","33.0"
2014-01-26,"22.5","54.0"
2014-01-27,"26.1","65.7"
2014-01-28,"25.4","40.4"
2014-01-29,"17.5","42.2"
2014-01-30,"34.8","42.8"
2014-01-31,"38.6","57.2"
2014-02-01,"41.8","60.2"
2014-02-02,"40.6","72.5"
2014-02-03,"72.6","128.0"
2014-02-04,"75.4","190.4"
2014-02-05,"66.2","107.1"
2014-02-06,"66.8","99.6"
2014-02-07,"57.7","124.1"
2014-02-08,"42.7","84.4"
2014-02-09,"57.4","64.7"
2014-02-10,"61.0","49.5"
2014-02-11,"44.2","36.7"
2014-02-12,"60.4","64.0"
2014-02-13,"41.5","99.5"
2014-02-14,"37.5","52.2"
2014-02-15,"34.3","74.7"
2014-02-16,"32.3","58.9"
2014-02-17,"41.4","69.0"
2014-02-18,"73.2","140.8"
2014-02-19,"72.0","113.4"
2014-02-20,"69.7","89.0"
2014-02-21,"65.6","133.5"
2014-02-22,"67.4","78.1"
2014-02-23,"75.7","75.7"
2014-02-24,"44.3","72.6"
2014-02-25,"31.1","61.0"
2014-02-26,"47.0","81.0"
2014-02-27,"55.2","142.2"
2014-02-28,"50.6","126.8"
2014-03-01,"63.0","83.9"
2014-03-02,"44.0","87.6"
2014-03-03,"32.3","45.1"
2014-03-04,"31.4","42.7"
2014-03-05,"35.6","40.2"
2014-03-06,"55.8","44.5"
2014-03-07,"45.3","47.6"
2014-03-08,"75.6","45.6"
2014-03-09,"79.8","62.6"
2014-03-10,"61.6","62.2"
2014-03-11,"102.9","127.7"
2014-03-12,"102.2","93.7"
2014-03-13,"97.1","137.0"
2014-03-14,"83.0","139.9"
2014-03-15,"42.4","71.9"
2014-03-16,"15.2","12.5"
2014-03-17,"18.6","19.5"
2014-03-18,"33.1","41.0"
2014-03-19,"41.6","22.3"
2014-03-20,"58.4","57.3"
2014-03-21,"52.3","61.1"
2014-03-22,"54.5","45.8"
2014-03-23,"50.5","38.7"
2014-03-24,"39.2","25.9"
2014-03-25,"32.5","42.7"
2014-03-26,"52.6","75.2"
2014-03-27,"50.4","52.8"
2014-03-28,"64.3","61.8"
2014-03-29,"35.2","84.1"
2014-03-30,"79.4","81.7"
2014-03-31,"84.6","79.1"
2014-04-01,"25.3","66.5"
2014-04-02,"38.2","54.4"
2014-04-03,"53.9","77.8"
2014-04-04,"33.5","52.8"
2014-04-05,"21.4","44.0"
2014-04-06,"50.8","50.8"
2014-04-07,"76.9","63.0"
2014-04-08,"65.5","43.7"
2014-04-09,"27.3","20.2"
2014-04-10,"26.9","21.8"
2014-04-11,"39.2","46.2"
2014-04-12,"57.3","52.1"
2014-04-13,"49.0","54.8"
2014-04-14,"41.7","35.7"
2014-04-15,"27.5","20.2"
2014-04-16,"32.3","19.1"
2014-04-17,"41.3","27.7"
2014-04-18,"43.6","46.8"
2014-04-19,"39.2","40.0"
2014-04-20,"27.1","24.5"
2014-04-21,"26.4","24.5"
2014-04-22,"40.7","35.8"
2014-04-23,"52.9","42.3"
2014-04-24,"34.1","39.4"
2014-04-25,"29.4","30.8"
2014-04-26,"30.4","17.1"
2014-04-27,"36.8","24.1"
2014-04-28,"37.6","26.8"
2014-04-29,"46.1","25.1"
2014-04-30,"67.6","45.9"
2014-05-01,"43.0","46.6"
2014-05-02,"13.6","37.6"
2014-05-03,"11.6","15.2"
2014-05-04,"19.3","14.9"
2014-05-05,"21.1","29.3"
2014-05-06,"19.4","44.9"
2014-05-07,"31.1","32.5"
2014-05-08,"32.1","23.9"
2014-05-09,"27.5","32.2"
2014-05-10,"18.5","32.0"
2014-05-11,"17.0","15.7"
2014-05-12,"25.9","16.7"
2014-05-13,"38.0","16.3"
2014-05-14,"43.1","14.0"
2014-05-15,"31.2","11.5"
2014-05-16,"19.2","8.5"
2014-05-17,"29.3","15.1"
2014-05-18,"32.9","20.2"
2014-05-19,"36.7","18.0"
2014-05-20,"54.4","27.5"
2014-05-21,"37.7","20.9"
2014-05-22,"33.0","29.8"
2014-05-23,"40.2","39.9"
2014-05-24,"38.9","36.0"
2014-05-25,"43.1","20.1"
2014-05-26,"34.7","26.9"
2014-05-27,"28.3","29.8"
2014-05-28,"26.1","21.8"
2014-05-29,"26.2","11.8"
2014-05-30,"49.2","18.2"
2014-05-31,"35.3","27.3"
2014-06-01,"21.6","16.2"
2014-06-02,"34.0","12.5"
2014-06-03,"47.0","16.4"
2014-06-04,"33.6","22.2"
2014-06-05,"41.1","24.8"
2014-06-06,"39.4","24.7"
2014-06-07,"46.2","35.7"
2014-06-08,"45.7","29.8"
2014-06-09,"53.0","33.6"
2014-06-10,"36.1","42.9"
2014-06-11,"39.8","26.8"
2014-06-12,"45.4","25.6"
2014-06-13,"30.7","18.7"
2014-06-14,"23.3","14.8"
2014-06-15,"22.5","19.2"
2014-06-16,"45.0","26.2"
2014-06-17,"35.7","23.5"
2014-06-18,"36.9","25.1"
2014-06-19,"27.7","19.0"
2014-06-20,"21.2","17.0"
2014-06-21,"22.2","17.9"
2014-06-22,"14.7","12.5"
2014-06-23,"22.3","18.0"
2014-06-24,"32.8","27.9"
2014-06-25,"23.5","22.2"
2014-06-26,"32.5","12.3"
2014-06-27,"39.2","39.3"
2014-06-28,"28.6","37.3"
2014-06-29,"24.8","21.4"
2014-06-30,"29.6","10.6"
2014-07-01,"29.4","17.1"
2014-07-02,"36.2","17.3"
2014-07-03,"38.6","21.6"
2014-07-04,"43.3","23.1"
2014-07-05,"26.8","28.5"
2014-07-06,"34.4","22.2"
2014-07-07,"36.8","29.1"
2014-07-08,"34.2","33.4"
2014-07-09,"35.4","23.0"
2014-07-10,"31.9","10.6"
2014-07-11,"22.0","15.0"
2014-07-12,"15.6","14.8"
2014-07-13,"25.2","16.0"
2014-07-14,"38.9","20.1"
2014-07-15,"46.2","22.8"
2014-07-16,"39.8","23.2"
2014-07-17,"31.4","26.9"
2014-07-18,"45.2","31.5"
2014-07-19,"29.4","31.6"
2014-07-20,"23.3","26.8"
2014-07-21,"25.5","23.5"
2014-07-22,"23.8","24.4"
2014-07-23,"28.4","24.2"
2014-07-24,"27.3","19.7"
2014-07-25,"37.5","28.5"
2014-07-26,"32.7","29.3"
2014-07-27,"30.0","29.8"
2014-07-28,"37.0","30.9"
2014-07-29,"43.8","32.2"
2014-07-30,"35.4","24.8"
2014-07-31,"49.8","31.2"
2014-08-01,"28.7","34.6"
2014-08-02,"39.7","29.9"
2014-08-03,"39.0","23.9"
2014-08-04,"43.6","21.0"
2014-08-05,"36.4","21.9"
2014-08-06,"32.9","12.5"
2014-08-07,"38.6","20.2"
2014-08-08,"34.4","24.1"
2014-08-09,"27.4","21.6"
2014-08-10,"39.4","16.6"
2014-08-11,"37.9","22.6"
2014-08-12,"33.5","18.5"
2014-08-13,"31.5","21.9"
2014-08-14,,"13.5"
2014-08-15,,"14.9"
2014-08-16,,"11.4"
2014-08-17,,"14.4"
2014-08-18,,"16.2"
2014-08-19,"30.4","15.6"
2014-08-20,"45.7","19.5"
2014-08-21,"56.8","16.5"
2014-08-22,"37.1","25.0"
2014-08-23,"42.4","30.0"
2014-08-24,"21.6","10.5"
2014-08-25,"23.9","14.5"
2014-08-26,"32.2","16.0"
2014-08-27,"37.4","19.4"
2014-08-28,"29.3","20.5"
2014-08-29,"45.8","25.8"
2014-08-30,"49.2","28.9"
2014-08-31,"34.4","23.3"
2014-09-01,"22.4","23.4"
2014-09-02,"22.1","28.6"
2014-09-03,"24.1","30.1"
2014-09-04,"27.6","30.4"
2014-09-05,"33.8","36.9"
2014-09-06,"43.2","61.3"
2014-09-07,"46.6","31.5"
2014-09-08,"60.9","27.3"
2014-09-09,"65.5","28.5"
2014-09-10,"50.4","28.5"
2014-09-11,,"35.2"
2014-09-12,,"38.7"
2014-09-13,,"42.5"
2014-09-14,,"35.6"
2014-09-15,,"52.0"
2014-09-16,,"43.1"
2014-09-17,,"45.0"
2014-09-18,,"51.2"
2014-09-19,,"49.3"
2014-09-20,,"45.6"
2014-09-21,,"30.2"
2014-09-22,,"16.2"
2014-09-23,"24.6","15.6"
2014-09-24,"29.3","30.0"
2014-09-25,"38.3","32.9"
2014-09-26,"42.8","22.4"
2014-09-27,"28.3","29.0"
2014-09-28,"39.6","37.7"
2014-09-29,"65.5","48.0"
2014-09-30,"62.9","44.9"
2014-10-01,"33.2","54.3"
2014-10-02,"35.6","29.2"
2014-10-03,"53.4","44.1"
2014-10-04,"62.7","63.2"
2014-10-05,"50.2","57.4"
2014-10-06,"56.7","83.5"
2014-10-07,"47.7","53.8"
2014-10-08,"40.6","35.2"
2014-10-09,"39.4","46.1"
2014-10-10,"67.3","56.4"
2014-10-11,"58.9","93.0"
2014-10-12,"60.0","48.1"
2014-10-13,"46.7","67.0"
2014-10-14,"63.8","48.8"
2014-10-15,"52.8","36.1"
2014-10-16,"50.4","41.0"
2014-10-17,"50.6","28.9"
2014-10-18,"37.8","55.2"
2014-10-19,"32.7","33.4"
2014-10-20,"27.1","25.8"
2014-10-21,"26.8","65.5"
2014-10-22,"30.0","27.7"
2014-10-23,"19.3","13.1"
2014-10-24,"27.4","32.5"
2014-10-25,"37.5","41.7"
2014-10-26,"48.0","92.1"
2014-10-27,"56.3","70.9"
2014-10-28,"64.5","80.5"
2014-10-29,"74.1","112.2"
2014-10-30,"97.4","107.2"
2014-10-31,"68.6","111.1"
2014-11-01,"60.0","124.5"
2014-11-02,"59.7","110.6"
2014-11-03,"52.6","150.6"
2014-11-04,"49.5","53.5"
2014-11-05,"41.3","30.9"
2014-11-06,"56.5","88.9"
2014-11-07,"50.3","79.2"
2014-11-08,"28.5","37.6"
2014-11-09,"27.7","49.7"
2014-11-10,"43.4","82.1"
2014-11-11,"54.1","72.6"
2014-11-12,"45.8","72.8"
2014-11-13,"41.0","75.2"
2014-11-14,"36.1","63.9"
2014-11-15,"40.0","69.7"
2014-11-16,"35.8","56.1"
2014-11-17,"24.2","55.1"
2014-11-18,"23.4","47.1"
2014-11-19,"30.2","38.0"
2014-11-20,"28.7","30.5"
2014-11-21,"45.7","31.3"
2014-11-22,"54.9","42.2"
2014-11-23,"51.5","61.9"
2014-11-24,"28.2","68.2"
2014-11-25,"41.0","65.5"
2014-11-26,"42.2","123.3"
2014-11-27,"40.6","70.5"
2014-11-28,"40.1","62.8"
2014-11-29,"53.3","53.1"
2014-11-30,"41.0","48.9"
2014-12-01,"29.2","46.5"
2014-12-02,"33.7","52.9"
2014-12-03,"60.0","75.3"
2014-12-04,"86.0","104.0"
2014-12-05,"34.1","53.0"
2014-12-06,"55.6","76.4"
2014-12-07,"82.6","57.5"
2014-12-08,"42.1","60.5"
2014-12-09,"81.2","72.5"
2014-12-10,"69.5","112.7"
2014-12-11,"60.7","111.1"
2014-12-12,"25.2","23.8"
2014-12-13,"29.9","85.5"
2014-12-14,"37.1","143.5"
2014-12-15,"62.7","165.6"
2014-12-16,"56.8","157.3"
2014-12-17,"41.5","64.0"
2014-12-18,"36.0","59.9"
2014-12-19,"15.3","18.3"
2014-12-20,"12.7","13.7"
2014-12-21,"8.6","17.9"
2014-12-22,,"11.2"
2014-12-23,"10.4","12.1"
2014-12-24,"9.3","14.2"
2014-12-25,"11.9","16.0"
2014-12-26,"18.7","16.7"
2014-12-27,"32.9","52.8"
2014-12-28,"37.9","40.7"
2014-12-29,"31.6","44.2"
2014-12-30,"67.3","84.2"
2014-12-31,"67.2","137.8"
2015-01-01,"41.7","58.0"
2015-01-02,"25.9","51.8"
2015-01-03,"16.1","22.4"
2015-01-04,"13.5","16.1"
2015-01-05,"18.7","26.5"
2015-01-06,"26.0","37.7"
2015-01-07,"77.5","117.1"
2015-01-08,"57.7","75.7"
2015-01-09,"19.5","15.8"
2015-01-10,"17.6","14.1"
2015-01-11,"18.0","19.0"
2015-01-12,"19.6","17.0"
2015-01-13,"23.3","68.9"
2015-01-14,"35.3","118.9"
2015-01-15,"38.4","75.5"
2015-01-16,"50.8","106.9"
2015-01-17,"54.8","58.7"
2015-01-18,"59.2","33.9"
2015-01-19,"52.2","44.1"
2015-01-20,"25.3","49.8"
2015-01-21,"55.0","82.5"
2015-01-22,"43.9","48.6"
2015-01-23,"26.6","35.1"
2015-01-24,"33.6",
2015-01-25,"41.3",
2015-01-26,"51.5","84.0"
2015-01-27,"46.1","86.6"
2015-01-28,"29.7","51.3"
2015-01-29,"34.0","46.4"
2015-01-30,"32.2","40.5"
2015-01-31,"38.3","33.0"
2015-02-01,"46.7","84.4"
2015-02-02,"104.4","164.8"
2015-02-03,"87.8","75.2"
2015-02-04,"95.4","90.8"
2015-02-05,"62.9","57.7"
2015-02-06,"63.5","37.4"
2015-02-07,"47.1","48.6"
2015-02-08,"15.6","18.1"
2015-02-09,"33.8","39.5"
2015-02-10,"41.3","48.1"
2015-02-11,"38.7","63.8"
2015-02-12,"58.5","77.9"
2015-02-13,"77.7","143.3"
2015-02-14,"79.7","154.4"
2015-02-15,"60.0","148.6"
2015-02-16,"22.3","36.8"
2015-02-17,"29.4","59.0"
2015-02-18,"73.6","117.7"
2015-02-19,"59.8","96.2"
2015-02-20,"97.6","141.6"
2015-02-21,"74.6","113.0"
2015-02-22,"85.9","95.0"
2015-02-23,"73.3","93.9"
2015-02-24,"78.9","61.6"
2015-02-25,"82.6","45.4"
2015-02-26,"49.0","62.1"
2015-02-27,"61.7","75.6"
2015-02-28,"96.4","95.9"
2015-03-01,"64.7","62.5"
2015-03-02,"31.7","34.1"
2015-03-03,"36.5","45.3"
2015-03-04,"34.8","46.8"
2015-03-05,"49.3","65.4"
2015-03-06,"56.0","67.3"
2015-03-07,"54.2","104.7"
2015-03-08,"64.8","134.6"
2015-03-09,"74.9","140.0"
2015-03-10,"139.4","171.1"
2015-03-11,"83.7","111.2"
2015-03-12,"35.5","28.0"
2015-03-13,"25.1","25.4"
2015-03-14,"23.4","31.8"
2015-03-15,"27.4","48.5"
2015-03-16,"40.0","64.1"
2015-03-17,"34.9","55.0"
2015-03-18,"69.9","58.0"
2015-03-19,"89.8","74.6"
2015-03-20,"118.0","126.6"
2015-03-21,"89.1","119.0"
2015-03-22,"14.9","56.7"
2015-03-23,"49.6","55.9"
2015-03-24,"84.7","70.7"
2015-03-25,"106.7","71.0"
2015-03-26,"66.9","47.4"
2015-03-27,"60.6","55.9"
2015-03-28,"41.1","39.9"
2015-03-29,"44.9","41.4"
2015-03-30,"25.8","11.6"
2015-03-31,"18.7","14.1"
2015-04-01,"10.2","13.3"
2015-04-02,"33.8","16.5"
2015-04-03,"19.8","23.7"
2015-04-04,"24.8","32.9"
2015-04-05,"14.6","36.7"
2015-04-06,"20.2","22.2"
2015-04-07,"36.4","25.4"
2015-04-08,"34.1","25.2"
2015-04-09,"71.3","37.5"
2015-04-10,"115.9","80.7"
2015-04-11,"100.7","83.1"
2015-04-12,"43.2","41.1"
2015-04-13,"59.8","44.8"
2015-04-14,"35.1","29.9"
2015-04-15,"45.6","40.6"
2015-04-16,"40.1","39.2"
2015-04-17,"38.2","39.3"
2015-04-18,"36.2","18.3"
2015-04-19,"23.7","25.5"
2015-04-20,"37.9","61.8"
2015-04-21,"41.9","25.6"
2015-04-22,"72.5","54.0"
2015-04-23,"75.9","69.4"
2015-04-24,"56.2","69.6"
2015-04-25,"62.8",
2015-04-26,"34.2",
2015-04-27,"30.7","40.4"
2015-04-28,"39.2","31.6"
2015-04-29,"29.6","26.5"
2015-04-30,"25.6","39.5"
2015-05-01,"34.8",
2015-05-02,"39.8",
2015-05-03,"28.6","30.3"
2015-05-04,"45.4","37.0"
2015-05-05,"39.7","44.6"
2015-05-06,"32.9","24.6"
2015-05-07,"36.4","23.0"
2015-05-08,"30.1","22.5"
2015-05-09,"29.5","37.9"
2015-05-10,"28.5",
2015-05-11,"33.2","39.8"
2015-05-12,"37.5","45.6"
2015-05-13,"26.6","33.4"
2015-05-14,"27.7","40.4"
2015-05-15,"29.9","52.7"
2015-05-16,"33.5","41.6"
2015-05-17,"24.7","23.6"
2015-05-18,"43.5","35.0"
2015-05-19,"42.3","40.6"
2015-05-20,"33.3","33.7"
2015-05-21,"20.7","13.8"
2015-05-22,"33.0","16.4"
2015-05-23,"40.2","21.0"
2015-05-24,"42.7","16.2"
2015-05-25,"32.6","22.9"
2015-05-26,"33.9","28.7"
2015-05-27,"22.1","17.1"
2015-05-28,"29.4","37.2"
2015-05-29,"48.2","39.8"
2015-05-30,"34.9","32.0"
2015-05-31,"20.8","23.9"
2015-06-01,"30.5","28.1"
2015-06-02,"35.2","42.4"
2015-06-03,"31.4","36.0"
2015-06-04,"26.8","22.0"
2015-06-05,"19.2","30.1"
2015-06-06,"25.6","39.6"
2015-06-07,"30.1","29.3"
2015-06-08,"26.7","21.7"
2015-06-09,"24.3","22.5"
2015-06-10,"32.3","19.9"
2015-06-11,"33.3","30.8"
2015-06-12,"38.6","44.9"
2015-06-13,"29.9","33.6"
2015-06-14,"37.2","21.7"
2015-06-15,"35.8","22.9"
2015-06-16,"32.9","16.8"
2015-06-17,"29.7","14.9"
2015-06-18,"39.1","26.7"
2015-06-19,"28.3","18.7"
2015-06-20,"26.2","16.3"
2015-06-21,"18.9","13.0"
2015-06-22,"27.6","13.3"
2015-06-23,"17.4","11.3"
2015-06-24,"26.2","12.9"
2015-06-25,"28.1","15.4"
2015-06-26,"42.9","32.4"
2015-06-27,"34.3","44.1"
2015-06-28,"28.3","27.2"
2015-06-29,"45.5","21.5"
2015-06-30,"35.8","20.6"
2015-07-01,"27.8","29.6"
2015-07-02,"23.5","30.5"
2015-07-03,"24.1","33.2"
2015-07-04,"39.1","38.8"
2015-07-05,"33.0","35.9"
2015-07-06,"46.2","37.2"
2015-07-07,"32.6","26.5"
2015-07-08,"32.6","31.4"
2015-07-09,"25.9","18.5"
2015-07-10,"26.0","24.1"
2015-07-11,"23.6","24.8"
2015-07-12,"21.3","22.0"
2015-07-13,"31.3","25.6"
2015-07-14,"35.2","25.8"
2015-07-15,"37.2","25.9"
2015-07-16,"34.2","29.9"
2015-07-17,"34.5","33.9"
2015-07-18,"28.5","31.8"
2015-07-19,"28.0","24.3"
2015-07-20,"29.2","18.9"
2015-07-21,"41.8","19.9"
2015-07-22,"36.0","23.0"
2015-07-23,"33.1","32.8"
2015-07-24,"24.6","26.5"
2015-07-25,"30.4","44.8"
2015-07-26,"23.9","12.7"
2015-07-27,"26.5","27.4"
2015-07-28,"22.6","21.5"
2015-07-29,"32.1","21.6"
2015-07-30,"23.0","31.4"
2015-07-31,"32.5","47.7"
2015-08-01,"26.5","36.9"
2015-08-02,"23.6","49.9"
2015-08-03,"38.5","42.6"
2015-08-04,"44.0","46.1"
2015-08-05,"49.5","48.6"
2015-08-06,"61.1","43.9"
2015-08-07,"47.8","19.8"
2015-08-08,"40.7","34.4"
2015-08-09,"38.2","35.3"
2015-08-10,"25.3","54.0"
2015-08-11,"35.5","55.1"
2015-08-12,"41.2","69.7"
2015-08-13,"33.3","45.8"
2015-08-14,"24.8","51.6"
2015-08-15,"32.7","55.0"
2015-08-16,"25.6","38.7"
2015-08-17,"37.4","38.3"
2015-08-18,"30.6","46.1"
2015-08-19,"35.9","63.7"
2015-08-20,"34.4","47.4"
2015-08-21,"42.9","49.7"
2015-08-22,"47.6","51.4"
2015-08-23,"35.2","33.2"
2015-08-24,"39.0","38.7"
2015-08-25,"36.9","36.6"
2015-08-26,"29.3","21.8"
2015-08-27,"30.2","36.5"
2015-08-28,"43.7","39.3"
2015-08-29,"27.0","37.1"
2015-08-30,,"41.3"
2015-08-31,"54.0","44.7"
2015-09-01,"54.2","30.6"
2015-09-02,"40.1","23.3"
2015-09-03,"47.0","20.0"
2015-09-04,"32.2","28.4"
2015-09-05,"34.0","27.4"
2015-09-06,"15.1","10.9"
2015-09-07,"8.3","15.3"
2015-09-08,"13.1","16.8"
2015-09-09,"38.6","38.3"
2015-09-10,"22.0","39.6"
2015-09-11,"23.3","44.2"
2015-09-12,"21.3","38.4"
2015-09-13,"28.3","38.7"
2015-09-14,"31.8","38.3"
2015-09-15,"31.5","44.9"
2015-09-16,"37.8","46.4"
2015-09-17,"48.0","48.2"
2015-09-18,"40.8","33.0"
2015-09-19,"51.0","24.5"
2015-09-20,"40.0","22.1"
2015-09-21,"32.1","33.0"
2015-09-22,"33.2","38.6"
2015-09-23,"44.8","61.1"
2015-09-24,"71.6","47.1"
2015-09-25,"41.2","37.1"
2015-09-26,"19.2","21.6"
2015-09-27,"17.9","14.6"
2015-09-28,"24.1","13.8"
2015-09-29,"20.8","16.8"
2015-09-30,"36.4","22.8"
2015-10-01,"67.4","41.1"
2015-10-02,"76.7","73.1"
2015-10-03,"71.4","66.9"
2015-10-04,"57.5","36.0"
2015-10-05,"76.8","78.4"
2015-10-06,"51.2","71.5"
2015-10-07,"21.4","58.1"
2015-10-08,"29.1","45.3"
2015-10-09,"31.8","54.4"
2015-10-10,"42.7","59.4"
2015-10-11,"35.3","48.1"
2015-10-12,"25.3","52.0"
2015-10-13,"41.9","72.9"
2015-10-14,"50.6","66.0"
2015-10-15,"54.7","53.2"
2015-10-16,"60.2","42.8"
2015-10-17,"42.7","44.7"
2015-10-18,"28.8","41.1"
2015-10-19,"48.6","63.0"
2015-10-20,"56.9","43.3"
2015-10-21,"43.3","41.8"
2015-10-22,"34.3","53.5"
2015-10-23,"26.4","39.4"
2015-10-24,"38.4","56.0"
2015-10-25,"50.5","71.1"
2015-10-26,"47.4","65.9"
2015-10-27,"75.2","150.9"
2015-10-28,"42.0","81.7"
2015-10-29,"45.1","104.1"
2015-10-30,"78.2","125.7"
2015-10-31,"61.8","149.6"
2015-11-01,"64.6",
2015-11-02,"78.7","196.0"
2015-11-03,"117.3","229.8"
2015-11-04,"108.9","233.4"
2015-11-05,"52.0","186.2"
2015-11-06,"56.4","149.3"
2015-11-07,"91.4","119.6"
2015-11-08,"31.1","27.3"
2015-11-09,"31.3","57.3"
2015-11-10,"16.3","22.1"
2015-11-11,"14.0","19.8"
2015-11-12,"29.2","35.3"
2015-11-13,"44.3","87.3"
2015-11-14,"20.2","26.5"
2015-11-15,"19.8","8.3"
2015-11-16,"32.3","31.4"
2015-11-17,"35.4","51.2"
2015-11-18,"14.2","13.0"
2015-11-19,"15.7","23.2"
2015-11-20,"21.7","23.6"
2015-11-21,"38.5","35.8"
2015-11-22,"44.1","43.3"
2015-11-23,"57.1","39.8"
2015-11-24,"56.7","48.1"
2015-11-25,"48.2","112.9"
2015-11-26,"55.1","100.7"
2015-11-27,"71.3","58.3"
2015-11-28,"56.9","53.8"
2015-11-29,"28.1","24.5"
2015-11-30,"16.1","19.0"
2015-12-01,"15.8","16.9"
2015-12-02,"32.5","39.4"
2015-12-03,"46.7","82.2"
2015-12-04,"48.5","115.1"
2015-12-05,"33.0","60.5"
2015-12-06,"27.4","64.8"
2015-12-07,"33.0","54.4"
2015-12-08,"41.8","85.9"
2015-12-09,"49.3","68.9"
2015-12-10,"44.1","105.7"
2015-12-11,"50.3","131.8"
2015-12-12,"22.6","35.7"
2015-12-13,"16.2","35.1"
2015-12-14,"38.3","79.1"
2015-12-15,"53.6","200.2"
2015-12-16,"49.7","79.0"
2015-12-17,"40.2","82.1"
2015-12-18,"39.6","35.4"
2015-12-19,"40.9","48.4"
2015-12-20,"42.6","112.4"
2015-12-21,"34.0","50.2"
2015-12-22,"22.8","38.7"
2015-12-23,"24.9","30.8"
2015-12-24,"38.9","98.6"
2015-12-25,"35.3","82.2"
2015-12-26,"16.1","23.2"
2015-12-27,"20.4","28.1"
2015-12-28,"18.3","42.2"
2015-12-29,"19.7","34.5"
2015-12-30,"32.8","52.5"
2015-12-31,"43.0","129.3"
2016-01-01,"39.3","174.0"
2016-01-02,"22.6","61.6"
2016-01-03,,"64.9"
2016-01-04,"63.9","88.2"
2016-01-05,"85.4","131.6"
2016-01-06,"70.5","123.6"
2016-01-07,"57.4","102.5"
2016-01-08,"61.3","73.8"
2016-01-09,"37.9","112.7"
2016-01-10,"40.3","95.2"
2016-01-11,"51.9","93.7"
2016-01-12,"49.6","24.4"
2016-01-13,"34.9","19.8"
2016-01-14,"27.3","47.0"
2016-01-15,"53.4","65.7"
2016-01-16,"37.5","45.2"
2016-01-17,"88.2","70.4"
2016-01-18,"76.6","66.2"
2016-01-19,"60.9","120.5"
2016-01-20,"75.2","122.3"
2016-01-21,"33.6","52.0"
2016-01-22,"45.2","114.2"
2016-01-23,"78.0","298.7"
2016-01-24,"87.2","85.5"
2016-01-25,"45.9","63.0"
2016-01-26,"46.4","76.6"
2016-01-27,"35.4","51.4"
2016-01-28,"23.7","31.8"
2016-01-29,"38.4","68.0"
2016-01-30,"34.4","39.4"
2016-01-31,"18.7","18.0"
2016-02-01,"28.7","34.0"
2016-02-02,"14.1","16.8"
2016-02-03,"21.7","31.6"
2016-02-04,"23.9","26.3"
2016-02-05,"39.5","37.9"
2016-02-06,"47.9","58.8"
2016-02-07,"37.7","25.3"
2016-02-08,"39.4","40.8"
2016-02-09,"38.8","19.6"
2016-02-10,"21.5","23.4"
2016-02-11,"25.6","19.9"
2016-02-12,"32.8","34.2"
2016-02-13,"32.5","64.2"
2016-02-14,"45.4","91.8"
2016-02-15,"54.9","44.6"
2016-02-16,"34.7","34.9"
2016-02-17,,"43.9"
2016-02-18,,"68.1"
2016-02-19,"27.2","40.0"
2016-02-20,"40.5","44.6"
2016-02-21,"20.5","14.7"
2016-02-22,"9.5","17.6"
2016-02-23,"41.8","35.3"
2016-02-24,"33.8","40.7"
2016-02-25,"45.0","55.9"
2016-02-26,"64.4","75.5"
2016-02-27,"69.6","108.0"
2016-02-28,,"58.1"
2016-02-29,"38.8","54.8"
2016-03-01,"25.3","22.6"
2016-03-02,"37.9","48.8"
2016-03-03,"42.3","36.6"
2016-03-04,"32.2","51.9"
2016-03-05,"42.5","69.8"
2016-03-06,"36.6","32.8"
2016-03-07,"40.3","65.6"
2016-03-08,"53.0","45.4"
2016-03-09,"48.0","62.5"
2016-03-10,"28.0","32.8"
2016-03-11,"22.0","38.7"
2016-03-12,"31.6","25.1"
2016-03-13,"26.7","23.7"
2016-03-14,"69.6","34.6"
2016-03-15,"19.9","31.9"
2016-03-16,"51.6","82.1"
2016-03-17,"66.9","128.3"
2016-03-18,"65.3","95.9"
2016-03-19,"39.8","24.7"
2016-03-20,"41.3","54.2"
2016-03-21,"50.4","46.4"
2016-03-22,"27.8","32.5"
2016-03-23,"27.3","52.2"
2016-03-24,"60.4","46.7"
2016-03-25,"152.0","83.4"
2016-03-26,"56.8","47.8"
2016-03-27,"50.3","43.1"
2016-03-28,"43.0","38.4"
2016-03-29,"40.4","36.2"
2016-03-30,"30.0","37.3"
2016-03-31,"46.7","51.3"
2016-04-01,"26.4","32.8"
2016-04-02,"49.1","53.5"
2016-04-03,"32.1","51.8"
2016-04-04,"44.2","73.9"
2016-04-05,"58.2","90.4"
2016-04-06,"72.5","70.4"
2016-04-07,"56.6","53.0"
2016-04-08,"54.1","35.3"
2016-04-09,"28.4","26.4"
2016-04-10,"22.3","46.8"
2016-04-11,"29.5","66.7"
2016-04-12,"58.7","77.5"
2016-04-13,"91.0","61.3"
2016-04-14,"51.0","64.8"
2016-04-15,"66.8","33.8"
2016-04-16,"33.4","34.5"
2016-04-17,"36.8","36.3"
2016-04-18,"42.1","29.7"
2016-04-19,"47.6","46.9"
2016-04-20,"31.2","27.3"
2016-04-21,"42.3","42.1"
2016-04-22,"50.7","50.2"
2016-04-23,"48.6","44.7"
2016-04-24,"25.5","18.7"
2016-04-25,"42.8","23.5"
2016-04-26,"47.4","43.6"
2016-04-27,"20.7","19.5"
2016-04-28,"35.2","14.6"
2016-04-29,"30.3","27.7"
2016-04-30,"30.1","31.0"
2016-05-01,"31.3","46.3"
2016-05-02,"31.8","18.8"
2016-05-03,"28.1","22.3"
2016-05-04,"31.9","33.5"
2016-05-05,"39.6","35.4"
2016-05-06,"40.4","33.3"
2016-05-07,"34.9","28.6"
2016-05-08,"26.5","16.5"
2016-05-09,"27.4","26.6"
2016-05-10,"30.0","36.6"
2016-05-11,"38.9","37.0"
2016-05-12,"29.1","35.0"
2016-05-13,"34.6","17.1"
2016-05-14,"23.1","23.6"
2016-05-15,"26.4","18.4"
2016-05-16,"28.8","19.8"
2016-05-17,"27.3","20.8"
2016-05-18,"42.3","31.8"
2016-05-19,"40.1","50.6"
2016-05-20,"73.3","39.6"
2016-05-21,"63.5","40.6"
2016-05-22,"38.5","28.8"
2016-05-23,"30.8","33.6"
2016-05-24,"30.5","30.5"
2016-05-25,"50.9","28.5"
2016-05-26,"37.6","26.9"
2016-05-27,"39.7","29.2"
2016-05-28,"25.7","19.4"
2016-05-29,"22.2","23.8"
2016-05-30,"28.7","28.4"
2016-05-31,"32.8","35.1"
2016-06-01,"23.9","18.6"
2016-06-02,"22.8","21.5"
2016-06-03,"32.5","24.4"
2016-06-04,"60.3","29.6"
2016-06-05,"23.4","23.6"
2016-06-06,"23.0","10.8"
2016-06-07,"46.9","23.1"
2016-06-08,"45.0","26.4"
2016-06-09,"35.2","31.9"
2016-06-10,"32.4","24.6"
2016-06-11,"22.5","21.0"
2016-06-12,"14.8","24.6"
2016-06-13,"17.4","23.9"
2016-06-14,"22.1","33.8"
2016-06-15,"41.5","35.1"
2016-06-16,"22.8","18.8"
2016-06-17,"28.1","28.7"
2016-06-18,"36.5","18.4"
2016-06-19,"27.8","19.7"
2016-06-20,"22.9","20.1"
2016-06-21,"34.5","21.3"
2016-06-22,"37.0","29.3"
2016-06-23,"35.3","29.4"
2016-06-24,"36.3","36.9"
2016-06-25,"35.7","35.7"
2016-06-26,"32.7","24.8"
2016-06-27,"27.4","16.2"
2016-06-28,"43.2","25.8"
2016-06-29,"44.1","27.5"
2016-06-30,"40.3","23.8"
2016-07-01,"35.1","22.8"
2016-07-02,"30.5","25.1"
2016-07-03,"21.6","11.6"
2016-07-04,"24.6","16.7"
2016-07-05,"32.3","31.5"
2016-07-06,"25.1","14.3"
2016-07-07,"20.3","16.3"
2016-07-08,"28.1","25.7"
2016-07-09,"23.0","14.1"
2016-07-10,"19.3","17.1"
2016-07-11,"25.4","23.0"
2016-07-12,"33.3","25.0"
2016-07-13,"23.8","16.7"
2016-07-14,"14.9","12.0"
2016-07-15,"13.4","10.1"
2016-07-16,"23.1","10.9"
2016-07-17,"21.4","16.9"
2016-07-18,"23.3","19.9"
2016-07-19,"22.1","20.4"
2016-07-20,"21.5","19.4"
2016-07-21,"33.4","23.7"
2016-07-22,"24.5","24.0"
2016-07-23,"24.9","30.1"
2016-07-24,"26.0","17.7"
2016-07-25,"33.7","21.4"
2016-07-26,"42.3","29.6"
2016-07-27,"31.9","23.5"
2016-07-28,"38.2","24.2"
2016-07-29,"31.3","19.3"
2016-07-30,"29.3","14.3"
2016-07-31,"24.7","14.9"
2016-08-01,"22.7","13.3"
2016-08-02,"26.3","21.9"
2016-08-03,"26.9","21.8"
2016-08-04,"30.0","24.0"
2016-08-05,"29.4","26.8"
2016-08-06,"22.8","12.6"
2016-08-07,"15.8","17.7"
2016-08-08,"27.5","23.0"
2016-08-09,"37.1","23.6"
2016-08-10,"19.8","8.4"
2016-08-11,"23.2","17.2"
2016-08-12,"28.5","24.7"
2016-08-13,"31.0","16.0"
2016-08-14,"21.2","16.8"
2016-08-15,"17.4","12.5"
2016-08-16,"26.3","24.2"
2016-08-17,"29.3","26.2"
2016-08-18,"34.6","28.8"
2016-08-19,"34.4","31.7"
2016-08-20,"36.3","30.0"
2016-08-21,"29.4","24.3"
2016-08-22,"25.3","24.9"
2016-08-23,"33.6","22.9"
2016-08-24,"26.7","17.6"
2016-08-25,"22.5","33.3"
2016-08-26,"26.8","34.0"
2016-08-27,"41.3","35.9"
2016-08-28,"35.1","31.0"
2016-08-29,"41.6","34.3"
2016-08-30,"27.8","18.8"
2016-08-31,"44.4","32.2"
2016-09-01,"43.4","35.7"
2016-09-02,"48.1","38.2"
2016-09-03,"51.1","44.1"
2016-09-04,"43.7","24.3"
2016-09-05,"19.9","10.8"
2016-09-06,"19.2","14.6"
2016-09-07,"58.4","35.3"
2016-09-08,"72.6","36.5"
2016-09-09,"76.6","45.7"
2016-09-10,"64.6","53.5"
2016-09-11,"67.3","43.0"
2016-09-12,"59.4","53.9"
2016-09-13,"61.5","64.6"
2016-09-14,"41.9","34.4"
2016-09-15,"60.9","43.5"
2016-09-16,"80.7","54.2"
2016-09-17,"35.4","51.2"
2016-09-18,"22.2","47.3"
2016-09-19,"47.0","28.2"
2016-09-20,"67.5","21.6"
2016-09-21,"40.8","30.7"
2016-09-22,"35.4","33.6"
2016-09-23,"57.0","37.2"
2016-09-24,"40.2","42.9"
2016-09-25,"20.7","33.2"
2016-09-26,"36.2","39.0"
2016-09-27,"48.9","51.4"
2016-09-28,"95.1","49.7"
2016-09-29,"58.4","27.4"
2016-09-30,"70.1","38.7"
2016-10-01,"41.0","46.8"
2016-10-02,"43.8","36.8"
2016-10-03,"30.5","13.7"
2016-10-04,"50.3","10.2"
2016-10-05,"9.9","7.9"
2016-10-06,"18.0","24.9"
2016-10-07,"37.5","35.8"
2016-10-08,"21.8","38.9"
2016-10-09,"26.4","37.5"
2016-10-10,"25.6","30.5"
2016-10-11,"11.6","22.0"
2016-10-12,"14.3","19.0"
2016-10-13,"31.7","23.8"
2016-10-14,"33.1","41.7"
2016-10-15,"31.7","33.3"
2016-10-16,"23.6","31.9"
2016-10-17,"24.7","32.1"
2016-10-18,"36.0","43.7"
2016-10-19,"47.7","44.4"
2016-10-20,"44.5","42.2"
2016-10-21,"29.1","37.3"
2016-10-22,"26.7","42.6"
2016-10-23,"36.3","39.5"
2016-10-24,"32.2","63.3"
2016-10-25,"36.4","45.0"
2016-10-26,"41.7","23.7"
2016-10-27,"64.4","45.6"
2016-10-28,"46.9","62.8"
2016-10-29,"12.4","15.3"
2016-10-30,"12.1","15.1"
2016-10-31,"15.0","25.9"
2016-11-01,"18.4","28.5"
2016-11-02,"30.4","18.4"
2016-11-03,"21.7","8.1"
2016-11-04,"71.6","66.7"
2016-11-05,"49.8","37.4"
2016-11-06,"37.2","30.4"
2016-11-07,"39.4","35.0"
2016-11-08,"48.1","47.6"
2016-11-09,"41.6","87.9"
2016-11-10,"53.5","55.0"
2016-11-11,"36.9","26.0"
2016-11-12,"40.7","29.5"
2016-11-13,"40.1","23.7"
2016-11-14,"50.1","53.9"
2016-11-15,"68.5","88.0"
2016-11-16,"33.0","36.9"
2016-11-17,"33.8","44.4"
2016-11-18,"46.5","58.2"
2016-11-19,"46.5","59.1"
2016-11-20,"22.5","29.8"
2016-11-21,"32.8","42.6"
2016-11-22,"31.6","89.0"
2016-11-23,"53.6","116.4"
2016-11-24,"76.9","144.7"
2016-11-25,"58.9","80.9"
2016-11-26,"56.7","82.4"
2016-11-27,"23.5","22.7"
2016-11-28,"32.9","11.7"
2016-11-29,"31.8","28.7"
2016-11-30,"40.8","33.2"
2016-12-01,"31.1","15.6"
2016-12-02,"24.6","15.4"
2016-12-03,"14.4","22.5"
2016-12-04,"28.8","64.2"
2016-12-05,"57.6","122.4"
2016-12-06,"41.2","49.4"
2016-12-07,"46.0","64.4"
2016-12-08,"27.4","43.7"
2016-12-09,"30.9","28.9"
2016-12-10,"29.3","19.9"
2016-12-11,"23.3","16.5"
2016-12-12,"27.9","13.0"
2016-12-13,"132.5","58.1"
2016-12-14,"41.0","52.2"
2016-12-15,"24.5","26.4"
2016-12-16,"80.2","66.2"
2016-12-17,"74.0","101.6"
2016-12-18,"50.9","59.4"
2016-12-19,"49.2","80.2"
2016-12-20,"42.1","91.1"
2016-12-21,"55.9","104.7"
2016-12-22,"84.0","70.7"
2016-12-23,"50.9","52.2"
2016-12-24,"34.4","42.8"
2016-12-25,"19.8","17.2"
2016-12-26,"16.0","11.6"
2016-12-27,"9.4","15.3"
2016-12-28,"23.9","14.9"
2016-12-29,"44.1","33.8"
2016-12-30,"54.5","92.4"
2016-12-31,"50.8","112.5"
2017-01-01,"45.9","128.0"
2017-01-02,"46.3","72.1"
2017-01-03,"28.4","29.3"
2017-01-04,"13.1","11.5"
2017-01-05,"20.6","13.9"
2017-01-06,"49.9","25.4"
2017-01-07,"68.6","91.0"
2017-01-08,"149.9","122.8"
2017-01-09,"162.0","139.6"
2017-01-10,"87.1","112.1"
2017-01-11,"116.1","252.9"
2017-01-12,"49.5","35.4"
2017-01-13,"57.4","25.6"
2017-01-14,,
